Date,Close,SMA_10,SMA_50,EMA_20,Return,Volatility
2022-03-11,138.726304737193,140.6221987869671,146.71470989437088,142.02822786062526,-0.012549280208481783,0.006406080996620555
2022-03-14,139.0503887065878,140.32793835329807,146.4857833854424,141.74462413166933,0.002336139278046323,0.006112848795780291
2022-03-15,138.66530642617147,139.97803286346843,146.25192051692906,141.45135577876476,-0.0027693721966423057,0.006003999539440507
2022-03-16,137.98838442586552,139.57200000184702,145.99156543764752,141.12154898325056,-0.004881696927315882,0.006016896212538905
2022-03-17,138.6000607147064,139.25724513866868,145.7129832870147,140.88140724338922,0.004432809988941466,0.0064500355485876465
2022-03-18,139.63106023720235,139.1934424267766,145.45970419432624,140.76232657613332,0.007438665734917471,0.006398979839119502
2022-03-21,140.56234035631854,139.29475214763565,145.22973344315906,140.74328026948427,0.006669577080730793,0.006524010184206101
2022-03-22,139.72312283309589,139.3582039932684,144.95139408521732,140.64612241839967,-0.005970429356079943,0.006758268394713303
2022-03-23,139.41391045724467,139.28502237869412,144.65152178517548,140.52876889828966,-0.002213036536698243,0.006306163784888153
2022-03-24,139.74517388864825,139.21060527830338,144.3676642414804,140.45414080213334,0.00237611462383569,0.006302261012517151
2022-03-25,140.7207190157706,139.41004670616115,144.09246639945607,140.47952920343212,0.0069808859939570755,0.005061971266918952
2022-03-28,140.2415447779253,139.52916231329488,143.8169534265311,140.45686402005052,-0.0034051434728074037,0.0052703331309529285
2022-03-29,140.0558858012615,139.66822025080393,143.5470418691442,140.4186756182611,-0.0013238514803711743,0.005178574847908097
2022-03-30,138.94955082725548,139.76433689094287,143.25016436684592,140.27875897149866,-0.007899239419155157,0.005628429682635004
2022-03-31,137.7533442031748,139.67966523978976,142.96762833695914,140.03824327927734,-0.008608927606882477,0.006155862572464692
2022-04-01,138.56587002556898,139.5731462186264,142.7358411801705,139.89801725511464,0.0058984108668589386,0.0059482723771762565
2022-04-04,139.9221100541398,139.50912318840852,142.54242457453813,139.90031180740274,0.009787691791063535,0.006441664202855288
2022-04-05,139.8500999325595,139.5218208983549,142.36782438888085,139.89552972408433,-0.0005146443371419895,0.006145225599548646
2022-04-06,140.85363283045152,139.66579313567556,142.20700991452946,139.98677763897643,0.0071757753364207755,0.006460381002692564
2022-04-07,141.21526885549915,139.81280263236067,142.07158864218948,140.1037768024548,0.0025674596940139516,0.006465037656022943
2022-04-08,140.570149100894,139.79774564087302,141.95151104878408,140.14819321182998,-0.00456834278498075,0.0063209372121717025
2022-04-11,140.93154470640243,139.8667456337207,141.80934839211045,140.22279811607498,0.002570927098106912,0.006254742713087996
2022-04-12,142.4695812728684,140.1081151808814,141.70246199277582,140.43677746434102,0.010913359174981707,0.007008124439451513
2022-04-13,142.43375523375846,140.4565356215317,141.5935085085653,140.62696582333317,-0.0002514644795741372,0.006212398071189794
2022-04-14,143.99839888957246,141.08104109017148,141.54434286119525,140.94805468678453,0.010985062166241066,0.005350567745815009
2022-04-15,141.3786537854827,141.36231946616283,141.45366996623397,140.9890641247558,-0.01819287661732094,0.008885253885654554
2022-04-18,142.20055628985793,141.59016408973466,141.37721666956597,141.104444330956,0.005813483735828573,0.008584356762971092
2022-04-19,142.2876033580961,141.8339144322883,141.32552418581116,141.21712614306458,0.000612142951541994,0.008560149341063614
2022-04-20,141.98859600763024,141.9474107500062,141.26033759468018,141.2905994634994,-0.002101429382525777,0.008409691068509988
2022-04-21,142.08035678416573,142.03391954287284,141.20899899287824,141.36581444642002,0.0006462545522356589,0.00838762709932547
2022-04-22,140.09278786956486,141.98618341973992,141.12374288778017,141.24457382005286,-0.013989047885206163,0.009494026925553678
2022-04-25,139.87311598172732,141.88034054727243,141.04612747716993,141.1139587878314,-0.0015680456587248148,0.009445085967852294
2022-04-26,140.23022855323907,141.6564052753095,140.93860875429974,141.02979400358453,0.0025531180098854467,0.008637055140887612
2022-04-27,141.7081225979806,141.58384201173172,140.86091785681913,141.09439672686034,0.010539054667378256,0.009452739043070573
2022-04-28,141.18985237970696,141.30298736074513,140.7940157735522,141.10348774141715,-0.003657307772991558,0.008574395822939252
2022-04-29,140.38135877681376,141.20325785987828,140.6944929199853,141.03471355431208,-0.005726286905654465,0.006634780086576047
2022-05-02,139.87960173322924,140.97116240421536,140.60935179854613,140.92470290468515,-0.0035742426769229674,0.006266618457180158
2022-05-03,140.7950038509313,140.82190245349892,140.53834144756095,140.91235061385146,0.006544214498464651,0.006763181411511267
2022-05-04,141.123754960591,140.73541834879498,140.51309952124655,140.93248436116,0.002334962894050996,0.006830506567395526
2022-05-05,140.59399475682395,140.5867821460608,140.50382611183474,140.90024725598514,-0.0037538698138734894,0.006883558269810686
2022-05-06,141.1072621899373,140.68822957809806,140.50088082636782,140.91996296398057,0.0036507066607014416,0.005263051235728646
2022-05-09,141.20433973928533,140.82135195385385,140.485107760288,140.94704646639053,0.0006879699020547747,0.005201389549333744
2022-05-10,142.17298472981824,141.01562757151174,140.485280228395,141.0638024914789,0.006859881164568815,0.005516714789374293
2022-05-11,141.47093163594087,140.99190847530778,140.47372460027225,141.10257669571337,-0.004938020364498419,0.004787804724153546
2022-05-12,141.1432694893431,140.9872501862714,140.4616378031293,141.10645219986858,-0.002316109343514894,0.00469678280508218
2022-05-13,140.75116133621094,141.02423044221112,140.47127928273105,141.07261497475832,-0.002778086086221654,0.004380920953855559
2022-05-16,139.28764638807883,140.9650349076961,140.46604734753805,140.90261796650313,-0.01039788897113414,0.005447990554310049
2022-05-17,139.5837666651434,140.8439111891173,140.47595059330556,140.77701308065934,0.0021259622424771862,0.004980381579785585
2022-05-18,139.8448219373233,140.71601788679055,140.4699324999923,140.6882329717702,0.001870240919964239,0.004949406868275445
2022-05-19,139.84993539396575,140.64161195050468,140.45714431002045,140.6083951072174,3.6565219731388154e-05,0.004850627907688345
2022-05-20,139.61534826059062,140.49242055757003,140.4749251804884,140.51381921706246,-0.0016774203914666774,0.00462918946000392
2022-05-23,138.1999775185402,140.19198433549553,140.45791695672747,140.29345334101274,-0.01013764431836417,0.005381569875232657
2022-05-24,137.77933219577483,139.75261908209117,140.44019747211954,140.05401323194246,-0.003043743785768327,0.004355793166712296
2022-05-25,137.43661767924806,139.3491876864219,140.4291621371872,139.80473746501917,-0.002487416008373433,0.004311204305414403
2022-05-26,136.63434041002645,138.89829477849025,140.3898477310936,139.5027948883532,-0.005837434613633841,0.00440281368024239
2022-05-27,136.47305469836044,138.4704841147052,140.32668762031676,139.214248203592,-0.0011804185622882324,0.00444987893692923
2022-05-30,136.87710555517498,138.2294300314148,140.2529829242939,138.99166318945706,0.0029606639765453746,0.003987712653238326
2022-05-31,138.7632914563855,138.147382510539,140.2337862967597,138.9699135005931,0.013780141635521437,0.006283977787449494
2022-06-01,138.93786926921734,138.05668724372842,140.22426547299915,138.9668616690335,0.0012580979522722746,0.006260485161110385
2022-06-02,139.19541965994011,137.99123567032586,140.21327038842497,138.9886290967389,0.0018537090864962913,0.006308264137174019
2022-06-03,139.12097374417394,137.94179821868417,140.18127548299304,139.00123334887556,-0.0005348302117127446,0.00629391656814269
2022-06-06,137.2022025288749,137.84202071971765,140.12048863801203,138.82989708030408,-0.01379210598990932,0.006993433693261588
2022-06-07,137.17568865342568,137.78165636548275,140.06288469505532,138.67235342060138,-0.0001932467187881759,0.006945321911882451
2022-06-08,137.23591886336672,137.7615864838946,140.02861205577753,138.5355501294362,0.00043907350152405655,0.006909968124790545
2022-06-09,139.699160975852,138.06806854047716,140.0675283912311,138.64637021004722,0.017948960686726023,0.008609868088983478
2022-06-10,139.50680001107088,138.37144307174822,140.08634699094114,138.7283159053828,-0.0013769657844572292,0.008618799071771049
2022-06-13,139.80834735340449,138.66456725157113,140.0840717369264,138.83117604328962,0.0021615243293493513,0.00861502038319674
2022-06-14,139.77363558369925,138.76560166430255,140.08254244994922,138.9209340947572,-0.000248281095959868,0.007593151410369942
2022-06-15,138.6049575460797,138.73231049198878,140.03756894426178,138.89084109012126,-0.008361219429823818,0.008113344443739498
2022-06-16,139.74778036059473,138.78754656205425,140.0082191743637,138.97245435397588,0.008245179932580005,0.008534815156621847
2022-06-17,140.4997133932815,138.92542052696498,140.00681046021143,139.1179075958145,0.005380643833816423,0.008664617790604913
2022-06-20,141.29074534032455,139.33427480810994,140.0139944728899,139.32484452386308,0.005630132104460728,0.0069904623333333325
2022-06-21,140.3813578855298,139.65484173132037,139.9722300051431,139.42546484402183,-0.006436284645567669,0.0075592543466220866
2022-06-22,141.78415219646593,140.1096650646303,139.95923794439724,139.6501017347308,0.009992739292919328,0.007889074830284913
2022-06-23,140.38230113367362,140.17797908041243,139.8869159892793,139.71983501082062,-0.009887219700335792,0.007004831839941423
2022-06-24,140.9691582274739,140.32421490205274,139.87872607811912,139.8388181743114,0.004180420815594665,0.007058734855841518
2022-06-27,143.15961385328387,140.6593415520407,139.8979072293876,140.15508442945162,0.015538545121162928,0.008424817085048202
2022-06-28,142.1690775281532,140.8988857464861,139.89553671278878,140.34689329599462,-0.006919104476949878,0.00890833848079721
2022-06-29,141.60277979855042,141.19866797173316,139.88782038860717,140.46650153433328,-0.003983269353988961,0.008452893333945702
2022-06-30,141.70243116363807,141.3941330520375,139.8802618761966,140.5842091180766,0.0007037387629635905,0.008183183633649699
2022-07-01,141.19895550952185,141.46405726366152,139.90238522899574,140.64275639345232,-0.0035530488078556743,0.008190404199148363
2022-07-04,139.64829207845574,141.29981193747466,139.89788875093032,140.5480455063098,-0.010982116868148761,0.008708581256881495
2022-07-05,139.71685505326175,141.23336165424783,139.88762128093077,140.4688845107814,0.0004909689462402334,0.008513321999997776
2022-07-06,138.65455133953566,140.9204015685548,139.82654985576187,140.29609087542465,-0.00760326099038755,0.007914358508133598
2022-07-07,139.12814377017082,140.79498583220453,139.78531568357116,140.18485781778142,0.003415628452581032,0.007590323991441129
2022-07-08,138.20871953593704,140.51894196305085,139.74186289875362,139.99665417189146,-0.006608470502938668,0.007559215342662086
2022-07-11,139.75865394095456,140.1788459718179,139.73944394290814,139.97398748323081,0.011214447324465082,0.006496657029782507
2022-07-12,138.97540064861835,139.85947828386443,139.70305187886188,139.87888397517247,-0.0056043276766755135,0.006407334060773406
2022-07-13,138.65333913241267,139.56453421725064,139.6536435622983,139.76216541871915,-0.002317399444092816,0.00637888366261167
2022-07-14,139.46685634978232,139.34097673586507,139.63110079415748,139.73404074548708,0.005867274617834761,0.006823166809897027
2022-07-15,138.23599203334837,139.04468038824774,139.5736753910257,139.59136943956912,-0.008825496957835965,0.007187574916707879
2022-07-18,138.4634519679525,138.9261963771974,139.51885763559906,139.4839487279866,0.001645446538621087,0.006532164946179579
2022-07-19,139.77059472223493,138.93157034409472,139.47080983544737,139.51124834648644,0.009440344984212645,0.007301397053177316
2022-07-20,138.1631114876737,138.88242635890853,139.40465343248204,139.38285435993285,-0.01150086853215282,0.007840219823208105
2022-07-21,138.347745346206,138.80438651651204,139.3487429496193,139.28427254910173,0.0013363469926543914,0.007757054950209281
2022-07-22,138.60762814045444,138.8442773769638,139.30587228570414,139.21983022446864,0.0018784750962010932,0.00747801737311487
2022-07-25,139.38945101223175,138.8073570840915,139.30790837818722,139.23598458520797,0.0056405472214347,0.006747228186732084
2022-07-26,138.15250030135365,138.72506704936504,139.27928305091143,139.13279560579326,-0.00887406257715695,0.007105567212374709
2022-07-27,136.83204368826938,138.54293750495071,139.21902748593033,138.91367637555288,-0.009557963918162549,0.00765125756627432
2022-07-28,137.35398525388626,138.33165039536112,139.16910848312875,138.7651343639656,0.003814468830166451,0.007462966284107381
2022-07-29,137.65096992711946,138.2731481847382,139.12982091645935,138.65902346521833,0.002162184611420148,0.007062771237226758
2022-08-01,137.90146277746535,138.2169492656895,139.12385062163784,138.58687482828947,0.0018197681460474513,0.007068597566407193
2022-08-02,138.24791098696232,138.06468089216224,139.13322219746158,138.55459255768687,0.0025122881405257314,0.006295991013539595
2022-08-03,137.56788626538383,138.00515836993324,139.13584756918428,138.46062052984848,-0.004918878822281925,0.005359567828855604
2022-08-04,137.80013996254482,137.95039783156713,139.15916356023467,138.3977176186767,0.0016882842607099935,0.005373510132798128
2022-08-05,138.0932124358435,137.89895626110604,139.19156671498433,138.36871712507352,0.002126793727338372,0.0053856844387160955
2022-08-08,137.37886101781714,137.69789726166456,139.20160182423717,138.27444511485862,-0.005172965458807299,0.005126665366673102
2022-08-09,139.2446355289619,137.8071107844254,139.2112287056887,138.36684420191608,0.013581234385855012,0.006293672421734435
2022-08-10,139.71846844987368,138.0957532605858,139.22684068930184,138.4955703207692,0.0034028809735597854,0.005153627762230516
2022-08-11,138.52716495267103,138.2130712304643,139.21347559515644,138.49857933333126,-0.00852645688447451,0.006090346513416258
2022-08-12,139.18371856130486,138.36634609388284,139.21473049149907,138.56383068837638,0.0047395296717300806,0.006204684180900865
2022-08-15,138.20903689107755,138.39710350524405,139.23486717874312,138.53004080291936,-0.007002842576001478,0.006702259991674254
2022-08-16,138.99612149482,138.47192455602982,139.271275835571,138.57442944024322,0.005694885236503966,0.006894790117622971
2022-08-17,140.1547170738274,138.73060763687417,139.3296517997802,138.7249330243941,0.008335452576283542,0.006997475375439361
2022-08-18,139.3340347554757,138.88399711616728,139.32234927537266,138.78294271306854,-0.005855545467794765,0.007415402185314274
2022-08-19,140.29741088472002,139.10441696105494,139.33816149284567,138.92717777703535,0.006914147939051762,0.007637936096217236
2022-08-22,140.7101918116565,139.43755004043888,139.35619838201072,139.09698863747548,0.0029421849222552865,0.007258760145561401
2022-08-23,141.532251971651,139.66631168470775,139.39137070976975,139.32891847882553,0.005842221870430153,0.006283974604168666
2022-08-24,143.42904495430494,140.0373693351509,139.48785245793425,139.7194067145855,0.013401842733583358,0.007306446197989941
2022-08-25,143.18365683830208,140.50301852371402,139.5565699874884,140.0493352977966,-0.0017108676703594394,0.006411240401220316
2022-08-26,142.4299206739446,140.82763873497797,139.59517413310166,140.2760577145726,-0.005264121485657358,0.006926622530460742
2022-08-29,141.54040624431906,141.16077567030214,139.60016735118154,140.39647186026275,-0.0062452778560612154,0.006816477965851497
2022-08-30,140.72459595935362,141.3336231167555,139.607032112658,140.42772177446187,-0.005763797820088401,0.007156709359478056
2022-08-31,140.6474942499395,141.3829008343667,139.5842989537275,140.44865248641213,-0.0005478907854628012,0.006718753025639007
2022-09-01,140.98864622475617,141.54836198129473,139.59642585554914,140.50008046149253,0.00242558160481976,0.006367135353314744
2022-09-02,141.2653370240862,141.64515459523136,139.60234943148137,140.5729620388824,0.001962504121707287,0.006058381182175614
2022-09-05,142.0925202731222,141.78338744137795,139.58100755987817,140.71768187071476,0.005855528797520826,0.00624512677880094
2022-09-06,142.1055221650001,141.84071446071286,139.5797364526151,140.84985713683716,9.150299996729672e-05,0.006009573190841619
2022-09-07,143.55905624215742,141.8537155894981,139.61886198148724,141.1078760992486,0.010228554492552444,0.005288461552238957
2022-09-08,143.29439940891947,141.86478984655983,139.65070134639288,141.31611641445537,-0.0018435397958560529,0.005293681946027043
2022-09-09,146.0145685755091,142.2232546367163,139.7470136077126,141.76358804884143,0.018983080830863974,0.007613594975297132
2022-09-12,146.6402359232741,142.7332376046118,139.88685248460897,142.2280307035493,0.004284965218668946,0.006968269893145389
2022-09-13,145.7830783668578,143.2390858453622,140.0081769508809,142.56660667148347,-0.0058453094474342215,0.006980435280047831
2022-09-14,144.7121858687967,143.64555500724794,140.12932964146611,142.77094754741805,-0.007345794244831727,0.007717022272497446
2022-09-15,145.1946582840399,144.0661562131763,140.2506599317435,143.00177714138204,0.003334013734549224,0.0077164293253443985
2022-09-16,144.97119549871405,144.4367420606391,140.38590945099904,143.1893407944613,-0.001539056518792048,0.007845620436229826
2022-09-19,145.68519599280614,144.79600963260748,140.50444029203607,143.42704128954176,0.004925119722134275,0.00780842094426027
2022-09-20,146.15843361737967,145.20130077784543,140.6481009514113,143.687173892193,0.003248357675250002,0.0077626802626800115
2022-09-21,146.0856047047228,145.45395562410198,140.7967462628575,143.91559587433866,-0.000498287446398904,0.00735938521627934
2022-09-22,145.2388109866544,145.64839678187548,140.91218535559494,144.0416163612259,-0.00579655825623604,0.007674490658281644
2022-09-23,143.72396376196855,145.4193363005214,141.02194479016734,144.01136373272521,-0.010430044245026582,0.005506407917986317
2022-09-26,143.2774488099015,145.08305758918416,141.11822472700632,143.9414670734087,-0.003106753671270557,0.00511595864769081
2022-09-27,144.133847604225,144.91813451292086,141.20548978464612,143.95978902872451,0.005977205774090555,0.005554292116473669
2022-09-28,144.3479413483552,144.88171006087674,141.32918638185976,143.9967559163084,0.0014853814540360943,0.005141726279245226
2022-09-29,143.1022025696432,144.67246448943706,141.4242755263285,143.91156035948313,-0.008630111154170561,0.005590080668671627
2022-09-30,143.2753834954944,144.5028832891151,141.5176306334293,143.8509720867223,0.0012101904984092027,0.005651740090780616
2022-10-03,143.66070087522323,144.30043377735677,141.6030556306891,143.83285101896047,0.002689348095452404,0.005423831108062176
2022-10-04,142.7768434390221,143.96227475952102,141.6955424934425,143.73227886849017,-0.0061523954067912445,0.005345628999221826
2022-10-05,142.93056854496763,143.64677114354552,141.81751299057646,143.65592550434516,0.0010766809395894583,0.005428002335169284
2022-10-06,142.98877726341362,143.42176777122145,141.93020883076701,143.5923875766374,0.0004072517099635853,0.005320630621128129
2022-10-07,141.845806965583,143.23395209158286,142.01410557153628,143.42604656606082,-0.007993426615048649,0.004908471183236455
2022-10-10,142.20359432593128,143.12656664318587,142.1001482025056,143.30962254319135,0.0025223682532617975,0.005000627518392293
2022-10-11,142.7643788522995,142.98961976799333,142.19047755981234,143.25769457263021,0.003943532714671738,0.0047311552469004895
2022-10-12,143.84743009547478,142.9395686427053,142.31606843641418,143.31385986052018,0.0075862848413732475,0.005422152831570036
2022-10-13,144.9012321475097,143.11947160049192,142.45809028011345,143.4650381735668,0.00732583162129119,0.00504410439490616
2022-10-14,143.5235627795526,143.14428952889776,142.56669728698765,143.47061194556545,-0.009507644259053705,0.006087080750358803
2022-10-17,142.58573773963747,143.03679321533917,142.67083482142405,143.38633821166755,-0.006534293197247409,0.006358990059733179
2022-10-18,143.10077300684614,143.0691861721216,142.74795757098173,143.3591415254941,0.003612109285075382,0.006181497304445658
2022-10-19,143.61455895775833,143.13758521340065,142.82587938113943,143.38346699523356,0.003590378585080156,0.00626960800434565
2022-10-20,144.12960664406438,143.2516681514657,142.9379282149673,143.45452791416983,0.0035863194514809127,0.0063447988174769295
2022-10-21,147.9823381347191,143.86532126837932,143.11390060643558,143.88574793517452,0.0267310206442819,0.009637369539025472
2022-10-24,148.55322864541228,144.50028470032743,143.32078444152228,144.33026990757813,0.0038578286969181974,0.009619457745802066
2022-10-25,149.68879428559288,145.19272624365675,143.53463789733772,144.84060556262713,0.0076441666770576955,0.009670176689842195
2022-10-26,150.6427960490861,145.87226283901788,143.7443994768429,145.3931951327661,0.006373234336252809,0.009638748117767637
2022-10-27,151.29418730039188,146.51155835430612,143.98360252774125,145.9551943868257,0.004324078338890702,0.009593410464955536
2022-10-28,150.97891805575154,147.25709388192598,144.19723267116186,146.43364426005672,-0.0020838159764484665,0.008640260938568844
2022-10-31,151.7378872762448,148.17230883558676,144.41778658045362,146.93881026159843,0.0050269880740105854,0.007622595153823141
2022-11-01,150.96506206170724,148.95873774107287,144.60644278225473,147.32226281398974,-0.005093159186608465,0.008415256132916509
2022-11-02,150.7282434549672,149.67010619079375,144.75242675226798,147.64664192265425,-0.001568698104752464,0.008691828290389642
2022-11-03,150.2428799071381,150.2814335171011,144.89361121364473,147.89390268308128,-0.0032201234267956735,0.009062951211494242
2022-11-04,150.32475404652445,150.51567510828164,145.0515078810963,148.12541233674253,0.0005449452209445038,0.00442632064802107
2022-11-07,152.63941261319795,150.9242935050602,145.27348800847392,148.55531712497637,0.015397720630609735,0.006224880663269566
2022-11-08,150.7721474206062,151.03262881856153,145.47443903769894,148.76644381979827,-0.012233178578350379,0.007521519359132127
2022-11-09,151.45840761098071,151.114189974751,145.69065730491977,149.02282132372042,0.004551637700430655,0.007391041749042606
2022-11-10,149.84569173979105,150.96934041869093,145.86779821522046,149.1011899347748,-0.010647912497085743,0.008033398154974091
2022-11-11,149.37375987400162,150.80882460051592,146.0299666722188,149.12714897660592,-0.0031494523486798043,0.008057398514156785
2022-11-14,150.462710470969,150.68130691998834,146.1973704761757,149.2543453094024,0.007290106360621218,0.008275541111707384
2022-11-15,150.52699049006446,150.6374997628241,146.36579984267698,149.3755496123226,0.00042721561305292255,0.008141321640614926
2022-11-16,149.44924571213514,150.50959998854086,146.48360363207655,149.38256828849524,-0.007159810838046732,0.008428061941515368
2022-11-17,148.73394200287518,150.3587061981146,146.59239448395567,149.32079435653142,-0.00478626510191793,0.008491929493906683
2022-11-18,149.41353975180985,150.2675847686431,146.66037390748167,149.32962725131983,0.004569217622979016,0.008665618560745764
2022-11-21,148.68317312009273,149.8719608193326,146.70123265141805,149.26806019120298,-0.004888222532779318,0.006651635433960213
2022-11-22,148.8996317096747,149.68470924823947,146.7635637182744,149.23297176439075,0.0014558378398821237,0.005804060474805807
2022-11-23,148.9452035495785,149.43338884209922,146.84822407189003,149.20556526774197,0.0003060574386957171,0.005480082491893152
2022-11-24,148.2936032019727,149.2781799883174,146.9102029702487,149.11871173766872,-0.004374765565303473,0.00462976887772287
2022-11-25,150.43754729129802,149.38455873004705,147.01953000610035,149.24431512372865,0.014457427987674576,0.006644266228533673
2022-11-28,151.07146631361604,149.44543431431174,147.12725541251658,149.41832952276556,0.004213835134459831,0.006372425503856831
2022-11-29,149.04632372695843,149.29736763800113,147.18501321470814,149.38290039935535,-0.013405195806159176,0.007728227315098447
2022-11-30,149.23277804172784,149.2757208709604,147.24795668144824,149.36860303196224,0.001250982312794191,0.00743061319133404
2022-12-01,148.57099157695947,149.25942582836882,147.31460029325433,149.2926400362477,-0.004434591873531457,0.007406869888696591
2022-12-02,149.4234249117557,149.26041434436343,147.4285895162501,149.30509573867704,0.005737548937032377,0.007497104570318047
2022-12-05,148.630904173323,149.25518744968645,147.53565862351851,149.24088701816714,-0.005303858741698142,0.007528498637040333
2022-12-06,148.5161677318561,149.21684105190457,147.6233050260711,149.17186613375657,-0.0007719554833166553,0.007513259946546558
2022-12-07,149.02115501083654,149.2244361980304,147.71676929932076,149.15751269347845,0.0034002175432656934,0.007601100691150151
2022-12-08,149.88691020500667,149.3837668983338,147.85246345202802,149.2269791231478,0.005809612696312749,0.007620613749662054
2022-12-09,148.68661379795088,149.20867354899906,147.96068805807715,149.17551575884335,-0.008008013544438919,0.006468063656768191
2022-12-12,148.35211256210994,148.93673817384845,148.05451629181488,149.09709640677352,-0.0022497064617766904,0.0061893165657301435
2022-12-13,147.877167250949,148.8198225262475,148.15652276805343,148.98091267764735,-0.003201473190765025,0.00473274196374682
2022-12-14,147.22383801837526,148.61892852391225,148.2423881575216,148.81357223390717,-0.004418053474509853,0.004801839653168948
2022-12-15,148.98929225865638,148.66075859208195,148.36239845742642,148.83030747435947,0.011991633040165484,0.00622562035530793
2022-12-16,149.39427396961733,148.6578434978681,148.51336779750713,148.88401856914595,0.002718193400488733,0.006001719436757505
2022-12-19,148.1333900152823,148.60809208206405,148.63196371129413,148.81253013544463,-0.008439975113045284,0.006379511594363311
2022-12-20,149.05125196233706,148.66160050511215,148.7577011734949,148.83526554752962,0.006196185390478615,0.006696947449200531
2022-12-21,151.1734081593497,148.87682581996347,148.9042207347724,149.0579457962744,0.014237761636171076,0.00799177037915172
2022-12-22,152.20587341990083,149.10872214145286,149.05031356022022,149.35774842709597,0.00682967509380239,0.008059627737672468
2022-12-23,150.6865034539468,149.30871110705246,149.1935723737081,149.4842965248913,-0.009982334661701397,0.008339527079849864
2022-12-26,150.20226938108058,149.49372678894954,149.34590300653696,149.55267489214742,-0.003213519869178061,0.008391393773911755
2022-12-27,151.46918053026718,149.85292811688134,149.5132711570054,149.73519923863503,0.008434700450312693,0.008508140589714362
2022-12-28,150.7615110646484,150.20669542150864,149.65621019914317,149.8329432220649,-0.0046720360085222845,0.008531220386392232
2022-12-29,151.20533049279464,150.42829924492247,149.7977246761178,149.9636467716582,0.0029438510201449386,0.007855126235154625
2022-12-30,151.97996454622398,150.68686830258315,149.87767720434786,150.15567703590256,0.005123060482753683,0.007932815496516336
2023-01-02,151.0530340746459,150.97883270851952,149.92767331293257,150.24113961102097,-0.006099030713329068,0.007627506533105421
2023-01-03,150.9935087185841,151.1730583841442,149.9537676015924,150.31279381174127,-0.00039406925141516336,0.007506473645862735
2023-01-04,147.75224137851504,150.83094170606074,149.89595650818094,150.06893167524353,-0.021466269428244256,0.009018804962730574
2023-01-05,146.72785373718074,150.28313973778876,149.80462983691675,149.7507337763804,-0.006933144511222733,0.008515414088243578
2023-01-06,146.47528558578756,149.8620179509728,149.71455718751747,149.4387863296573,-0.0017213374622487843,0.008226034824330363
2023-01-09,145.2275024038227,149.364541253247,149.58434949006903,149.037711670054,-0.00851872844606294,0.008424366195884908
2023-01-10,146.85991370775437,148.90361457099576,149.50224652298996,148.83030234031116,0.01124037304857417,0.008893390879445344
2023-01-11,145.42977232979374,148.37044069751028,149.3962771004865,148.5064423393095,-0.009738133040215202,0.009137030303222745
2023-01-12,144.98972784309674,147.7488804325405,149.29121405920566,148.17151714919402,-0.003025821189481692,0.008855840127967928
2023-01-13,145.12046842038285,147.06293081995636,149.1871283466828,147.8809410797834,0.0009017230339765092,0.008456118623507404
2023-01-16,146.56174170944894,146.61380158343667,149.06557492860784,147.75530304451348,0.009931564477114518,0.009579999149257487
2023-01-17,145.1258795582695,146.0270386674052,148.95264957136112,147.50488176010927,-0.009796977945485619,0.009758605060135381
2023-01-18,146.28904331042446,145.88071886059618,148.84926228534997,147.38908762204406,0.008014860999949525,0.008194151679037176
2023-01-19,146.29927637144405,145.83786112402248,148.77833397798307,147.28529607436786,6.99509736890036e-05,0.00792211393199632
2023-01-20,145.31776772039612,145.72210933748335,148.69721413491095,147.09791242160864,-0.006708909814126085,0.008176945404460402
2023-01-23,145.77987119465936,145.77734621656703,148.60355734938474,146.97238468570873,0.003179951643300649,0.0077708271170072694
2023-01-24,145.97893089023285,145.68924793481486,148.51259615738812,146.87777003852057,0.0013654813517269826,0.006809098103778734
2023-01-25,145.37871401307405,145.6841421031429,148.4311855234069,146.73500279800186,-0.004111667851644518,0.006170872609907473
2023-01-26,145.44851609806406,145.73002092863962,148.36547700531068,146.61248025515064,0.00048013965086890487,0.006079920397970436
2023-01-27,145.0632025012023,145.72429433672158,148.27847026029852,146.46492999286986,-0.0026491407901471087,0.006146317640866796
2023-01-30,145.17671984645355,145.58579215042204,148.20834119482575,146.34224331225877,0.000782537151351681,0.005090182952013979
2023-01-31,145.8388505209746,145.65708924669255,148.14712557105173,146.29430114166027,0.0045608598625273,0.004272821143157045
2023-02-01,147.42486733711996,145.7706716493621,148.11671884680257,146.40197411265643,0.01087513245256444,0.004883921963406601
2023-02-02,146.18705183829312,145.759449196047,148.07458781952897,146.38150532462183,-0.008396246313020606,0.005688985361346663
2023-02-03,148.32008521294938,146.05968094530232,148.032238577962,146.566131980653,0.014591123822756513,0.006802388545363764
2023-02-06,146.36799741342688,146.1184935671791,147.93816919995822,146.54726202186959,-0.01316131794773312,0.008302867049060927
2023-02-07,146.21621231839129,146.1422217099949,147.8815669717869,146.51573347868117,-0.001037010123236648,0.008307666733389342
2023-02-08,146.80452952487587,146.2848032611751,147.83300200144984,146.54323786403305,0.004023611316120723,0.008237272369670763
2023-02-09,147.0855213926109,146.4485037906298,147.80329259776286,146.5948839143738,0.0019140544821365513,0.00823956275017733
2023-02-10,146.4628218727903,146.5884657277886,147.74408053698355,146.58230657708012,-0.004233588146031364,0.008335421032554366
2023-02-13,146.25469962243304,146.69626370538654,147.69655644596577,146.5511059147328,-0.0014209903079569486,0.008370622681037632
2023-02-14,145.76169868777419,146.6885485220665,147.64146706508413,146.47592427407008,-0.0033708382426791417,0.008347424413446438
2023-02-15,145.17233393082998,146.46329518143747,147.564490643484,146.35177281280912,-0.004043344460513243,0.007470644759992305
2023-02-16,146.021936027851,146.4467836003933,147.48719115994086,146.32035978567023,0.005852369208487307,0.0073701728618907085
2023-02-17,146.37895151381605,146.25267023047996,147.44103791425817,146.32593995025556,0.00244494420274588,0.00542675253806096
2023-02-20,145.68604191855542,146.1844746809928,147.3877165013871,146.26499728056982,-0.004733669616394431,0.003787370948455735
2023-02-21,146.58564179398866,146.22141762855253,147.3618859922479,146.2955348532764,0.006174921520183396,0.004315245465934219
2023-02-22,146.89294131486525,146.23025880755148,147.35526805817767,146.35243070676103,0.0020963821361745794,0.0041690803425654555
2023-02-23,147.70580343370423,146.2922870116608,147.32959828167864,146.4813233474223,0.005533704421484709,0.004491803954902416
2023-02-24,148.33543227562782,146.47954805194456,147.30842144779885,146.65790515010852,0.0042627224339644165,0.004311597901002177
2023-02-27,147.50643726470577,146.60472181617183,147.29588239278732,146.73871773245114,-0.005588651330328598,0.004777863358017847
2023-02-28,146.9462562245088,146.7231775698453,147.25378247803076,146.75848330312328,-0.0037976718208690974,0.004821594211521988
2023-03-01,147.69354982963205,146.97529915972552,147.1841853114364,146.84753725802886,0.0050854892416007935,0.0046599420512719635
2023-03-02,148.3039200950655,147.20349756644697,147.1061462449397,146.9862403853657,0.004132680581768966,0.004520684024879984
2023-03-03,148.28301850110137,147.3939042651755,147.05807654588278,147.10974306305482,-0.00014093756895128262,0.004538431602217277
2023-03-06,148.40034588441014,147.66533466176097,147.02203807594938,147.2326576174696,0.0007912395127558369,0.004029748646454298
2023-03-07,149.67801078019858,147.97457156038197,146.986214680948,147.46554839487237,0.008609581656794818,0.004378226691489508
2023-03-08,149.08643939136275,148.1939213680317,146.9527132474823,147.6199189659667,-0.003952293230997994,0.004778106437582658
2023-03-09,149.63353677253278,148.38669470191456,146.92127737307703,147.81169209040155,0.0036696656208541345,0.00463726467752016
2023-03-10,149.43134412009888,148.49628588636168,146.87030496455455,147.96594466465842,-0.0013512522446171849,0.004579160538470782
2023-03-13,149.21366291687167,148.66700845157825,146.83351754139906,148.084774974393,-0.0014567305441103295,0.004106053998522691
2023-03-14,150.31243976885887,149.00362680601324,146.81989616240458,148.2969335262469,0.00736378177780761,0.004125941541227071
2023-03-15,151.1378561178469,149.34805743483474,146.8876084571912,148.56749758258974,0.005491337578295674,0.004158524703023737
2023-03-16,151.95136575384754,149.71280200071294,146.99207869752453,148.88977074175716,0.005382566994772908,0.0042372418202863225
2023-03-17,153.25684456100186,150.21018460670297,147.12770987702882,149.30568253406616,0.00859142529372936,0.004535406239522132
2023-03-20,153.27784840263462,150.69793485852546,147.28871679700507,149.68398404535841,0.0001370499418340554,0.004580332277615599
2023-03-21,153.9598013739296,151.12611391789852,147.4307145503286,150.09120474331758,0.004449129332136703,0.004213529563028329
2023-03-22,153.64953461733612,151.5824234404959,147.5951097960794,150.4300933027479,-0.002015245238202956,0.0038998091889339112
2023-03-23,153.97370096982456,152.01643986022506,147.77478925861396,150.7675797472314,0.0021097776397160928,0.0039024063456433865
2023-03-24,153.8435579154569,152.45766123976085,147.94925104851546,151.06053004896717,-0.0008452291108672627,0.003844435259794073
2023-03-27,153.9405538804496,152.93035033611866,148.09682729193545,151.3348180329179,0.000630484410962584,0.0036311051932293704
2023-03-28,154.5357109058865,153.35267744982144,148.2850239188878,151.6396649732006,0.003866148395822222,0.0033342422772949364
2023-03-29,153.71749022265305,153.61064086030203,148.4335928571324,151.83755309219606,-0.005294702942362339,0.004031330660561334
2023-03-30,155.8098774983385,153.99649203475116,148.62380487967027,152.21586970230484,0.013611901109331859,0.0054549240322382874
2023-03-31,154.8038601168388,154.15119359033483,148.81352672759914,152.4623449798795,-0.006456698366317792,0.005666692943740725
2023-04-03,153.58967150405107,154.18237590047647,148.96972273378694,152.56970941075298,-0.00784340010560014,0.006328089019499917
2023-04-04,154.74778237755115,154.26117400083862,149.1450997635333,152.77714493140041,0.007540291363078655,0.0066260468970440614
2023-04-05,155.53944507151408,154.45016504625642,149.34831438470212,153.04022113522075,0.005115825776627059,0.006704907319345007
2023-04-06,156.16356488856624,154.6691514381306,149.56261536051215,153.3376824450632,0.004012614399937053,0.006759008370094098
2023-04-07,156.79191039783052,154.96398668636795,149.79718951844472,153.66665653580296,0.004023637073812036,0.006751964232029018
2023-04-10,156.77966362498358,155.24789766082137,150.02924839401533,153.96313340143922,-7.81084484260397e-05,0.006770700194301277
2023-04-11,155.88240925349777,155.38256749558246,150.2301195686658,154.14592157782576,-0.005723027787787882,0.007123258593181217
2023-04-12,155.95821381169148,155.60663985448633,150.4007864981572,154.31852083819393,0.0004862932165132783,0.006792382337387321
2023-04-13,155.28105210017938,155.55375731467038,150.58266650339493,154.41019048219255,-0.0043419432357036936,0.005470208907747831
2023-04-14,156.25617183359714,155.69898848634625,150.7413882358079,154.58599822994537,0.00627970843982073,0.005366029868661594
2023-04-17,156.10911445209499,155.95093278115064,150.93621057658126,154.73105691776917,-0.0009411300672255152,0.0044805213847715205
2023-04-18,155.2836172553025,156.00451626892578,151.1175586753195,154.78368171181998,-0.005287950032192512,0.0044389191400535525
2023-04-19,154.96223141364948,155.9467949031393,151.28071271309497,154.80068644532756,-0.002069669984082201,0.004155058381610512
2023-04-20,155.3751628679251,155.86795470107518,151.44650554260124,154.85539848557494,0.0026647232071237426,0.004016873233563987
2023-04-21,154.81143831512114,155.66990749280427,151.61347787144786,154.85121180267458,-0.0036281510017347474,0.0037815879150825747
2023-04-24,153.9892179195547,155.39086292226136,151.76816823739028,154.76911714713935,-0.005311108820607924,0.0039572544518579195
2023-04-25,154.2329051310466,155.22591251001626,151.93759236625573,154.71804933608288,0.0015824952862557584,0.003821956719888834
2023-04-26,154.47787170215534,155.07787829906266,152.12370312168224,154.69517527570883,0.0015882899365773362,0.0038867270391422038
2023-04-27,153.9709285267842,154.94686594172313,152.28268297166093,154.62619939485887,-0.003281655616984125,0.0037972396958674253
2023-04-28,153.49989022116588,154.67123778048,152.42510174580792,154.51893185450714,-0.0030592678119517602,0.002892062090308561
2023-05-01,153.7319401585235,154.43352035112284,152.58601971060727,154.44398026441348,0.001511727057415424,0.0030691759214587578
2023-05-02,152.2838558170262,154.13354420729522,152.69998399106802,154.23825412656709,-0.009419541183205649,0.003818115134753111
2023-05-03,150.87639204264966,153.72496027019523,152.77965300562371,153.91807678524162,-0.009242370222537932,0.004463845806489529
2023-05-04,150.15794782139722,153.20323876554247,152.82869589337758,153.5599692648755,-0.004761806744751351,0.004080992387620282
2023-05-05,149.94450066968537,152.71654500099888,152.8608772612587,153.21563892247642,-0.0014214842091857527,0.0041268156080384154
2023-05-08,150.25540823528337,152.34316403257174,152.9158566806703,152.9337121903628,0.0020734842839145173,0.0043576428137581304
2023-05-09,151.7307644522329,152.09294996469038,153.01154684522476,152.81914573911234,0.009818989108460574,0.005756826406295401
2023-05-10,152.58842407543494,151.90400520201834,153.1094443301408,152.79717224733355,0.00565250973524245,0.006139207009052631
2023-05-11,152.42848554547152,151.74976090388708,153.19193563914894,152.7620592281086,-0.00104816948554598,0.006096059658670535
2023-05-12,152.40946933756882,151.64071881552735,153.2744646558783,152.72847923853337,-0.00012475494875285875,0.006055857994097425
2023-05-15,151.406939972931,151.4082187969681,153.33459653764868,152.60261835609506,-0.00657786795659876,0.006264863300745691
2023-05-16,151.38842683693863,151.31867589895933,153.3688048587835,152.48698106855636,-0.00012227402519127128,0.005616113147592587
2023-05-17,151.0997681980185,151.34101351449624,153.4090714349166,152.35486555707655,-0.0019067417830496147,0.004774249454937406
2023-05-18,151.42248675835657,151.46746740819216,153.4448504346331,152.26606757624606,0.0021357978518878884,0.004473229168676852
2023-05-19,150.59525581480426,151.53254292270407,153.46812866852719,152.1069426465849,-0.005463065369362363,0.004866360139393356
2023-05-22,151.11460232904543,151.61846233208024,153.50614745677066,152.01243404491447,0.003448624669025735,0.004936453673545338
2023-05-23,152.647341242048,151.71012001106175,153.55284548623445,152.0729013970224,0.010142890821795536,0.005004395828670896
2023-05-24,152.53858109359115,151.7051357128774,153.58085998574933,152.11725184431467,-0.0007124929105996047,0.004687022182291877
2023-05-25,152.94029281569007,151.75631643989922,153.6006385269862,152.19563669873136,0.0026335089733950934,0.00474180873500859
2023-05-26,153.6304368074012,151.87841318688248,153.60811037191417,152.33228432812848,0.004512506017906093,0.0049143373710829165
2023-05-29,153.22921633551536,152.06064082314091,153.6071377305718,152.41770642407008,-0.002611594943187079,0.00438326644453204
2023-05-30,153.45330881732576,152.26712902117964,153.59700787943973,152.51633522342777,0.0014624657566590926,0.004358496754715591
2023-05-31,153.46590121810758,152.50374232318853,153.59333521145516,152.60677008006394,8.20601450621794e-05,0.004236321451141189
2023-06-01,153.5635773166564,152.71785137901853,153.5851327383918,152.69789457878701,0.0006364677610695146,0.0042403295297125405
2023-06-02,152.79056753280094,152.9373825508182,153.56407293073866,152.70672057440737,-0.005033809431656211,0.004164480543944755
2023-06-05,152.81507770705988,153.10743008861965,153.54156340727087,152.71704030132668,0.00016041680225908905,0.0041192400554531895
2023-06-06,153.31307599830532,153.17400356424537,153.51711070911924,152.77380560580082,0.00325882955214718,0.002813379900508962
2023-06-07,154.76421960610037,153.3965674154963,153.5380452967882,152.9633688439246,0.009465230531354507,0.003958501362683538
2023-06-08,155.72349043218557,153.67488717714585,153.53631755546513,153.2262375666161,0.006198272627398582,0.004227622526792155
2023-06-09,157.87667288969715,154.09951078537543,153.5977738109223,153.66913616881428,0.013826959898829427,0.005668877518284504
2023-06-12,157.10932532680908,154.4875216845048,153.66816688737745,153.99677323148046,-0.004860423955248772,0.00594294238135504
2023-06-13,157.98164596352976,154.9403553991252,153.73284415909703,154.37628492024706,0.005552316101581578,0.006002535017272952
2023-06-14,158.1649879692681,155.41026407424127,153.78535501705213,154.7371137820586,0.0011605272537842382,0.005955210171055863
2023-06-15,160.35479090248577,156.0893854328242,153.86917953733052,155.2721306506707,0.013845054846418625,0.006772487986831476
2023-06-16,159.54649261713064,156.76497794125717,153.9242711817165,155.6792127427145,-0.0050406868469971,0.006773547880376992
2023-06-19,158.70677077494986,157.35414724804616,153.96281332471582,155.9675516029274,-0.005263179581113664,0.0073402979267277405
2023-06-20,158.10737812950583,157.83357746116621,154.007312702236,156.17134460545867,-0.003776730145268803,0.007726468964911973
2023-06-21,155.98348240519604,157.9555037410758,154.0078180741061,156.15345296733844,-0.013433248653140661,0.008932926659290947
2023-06-22,155.45772738351528,157.92892743620877,154.0113515797728,156.0871933879267,-0.003370581381912041,0.008804483873001877
2023-06-23,154.69859472196157,157.61111961943521,153.9802000375401,155.95494589593002,-0.004883209566552638,0.007380418235838881
2023-06-26,154.84898850843777,157.38508593759806,153.95499751866694,155.84961662093076,0.0009721729324465578,0.007360305499120121
2023-06-27,155.19074448421495,157.1059957896666,153.9531400632452,155.7868668936245,0.002207027498655867,0.007078643790811958
2023-06-28,157.06691532343083,156.99618852508286,153.9952337414408,155.90877626789177,0.01208945060126787,0.008315053076434922
2023-06-29,158.01733916161686,156.76244335099597,154.04807726731465,156.10959178157987,0.006051075977578924,0.007076912514775012
2023-06-30,157.44043550595447,156.55183763987833,154.1006572111313,156.23633880294886,-0.0036508883058228303,0.007011795306844104
2023-07-03,156.54202083460612,156.335362645844,154.15171326943235,156.26545137739242,-0.005706378215108332,0.007040928316283722
2023-07-04,157.03394000611263,156.22801883350468,154.20773396693366,156.3386407706039,0.0031424097432997122,0.007115547392131658
2023-07-05,155.71370679909197,156.20104127289423,154.23245066887242,156.2791232495075,-0.008407311228192271,0.006236097020945139
2023-07-06,157.54516556494633,156.40978509103735,154.30393540963564,156.39969870812072,0.011761705526780464,0.007139781443008195
2023-07-07,158.72460568566763,156.81238618740795,154.4084297189257,156.62111842026803,0.007486361872748759,0.007008737117150473
2023-07-10,158.2554300335629,157.15303033992046,154.49889951642646,156.77676714534374,-0.0029559100183488285,0.007216756570647427
2023-07-11,156.54229550447204,157.28818544194615,154.58406831017538,156.75443651287975,-0.010825123212060084,0.008309632927265819
2023-07-12,157.89616787863744,157.37111069746683,154.72446382689515,156.86317283342808,0.008648604326405351,0.007853471024172099
2023-07-13,157.78162803338483,157.34753958464364,154.87693743113488,156.95064475723348,-0.0007254124453524025,0.0076152347182882945
2023-07-14,159.0194443453583,157.50544046858403,155.05843630464835,157.14767328943583,0.007845123208587657,0.007886414667539506
2023-07-17,157.42501668656394,157.5937400537798,155.20182847367397,157.17408694630518,-0.0100266207403642,0.008397965377419063
2023-07-18,156.82564166361016,157.57291021952955,155.3037260179015,157.1409016812866,-0.00380736833045503,0.008451071142910518
2023-07-19,156.83088536332832,157.68462807595319,155.38857524365937,157.11137631767153,3.3436494584204723e-05,0.007934994508524213
2023-07-20,156.87786595709306,157.61789811516786,155.4775628518918,157.0891372357117,0.0002995621280585947,0.006930888424986109
2023-07-21,156.42780048561383,157.38821759516247,155.5579294748527,157.0261527833214,-0.00286889083258135,0.006372300171673736
2023-07-24,157.05065041796132,157.2677396336023,155.67080368375332,157.02848589138233,0.00398170868869796,0.006563498628140392
2023-07-25,155.98302998857875,157.21181308201298,155.7626957467861,156.9289186625439,-0.00679793701294007,0.0059732638119001265
2023-07-26,155.84065050355744,157.006261344505,155.85751339289692,156.82527407597377,-0.0009127883015974669,0.00507144459840802
2023-07-27,155.96094613526935,156.82419315469343,155.94828258043515,156.74295712924,0.0007719143325133349,0.00511216631074375
2023-07-28,156.4753849693281,156.56978721709044,156.06588516352565,156.71747406639125,0.0032985106002920705,0.004372064484107739
2023-07-31,157.18699984741698,156.54598553317572,156.18733311389306,156.7621908074413,0.004547775218628702,0.0036157591370969315
2023-08-01,156.06235775557911,156.46965714237263,156.25563344416366,156.69554004059728,-0.007154803469304527,0.004113184335746224
2023-08-02,154.5282435848435,156.23939296452414,156.29542669398873,156.489130854335,-0.009830135804678175,0.005051886358939612
2023-08-03,155.805920406742,156.13219840948904,156.35273924580977,156.42406319265947,0.008268241405313015,0.005915989317980851
2023-08-04,156.1382344187216,156.1032418027998,156.4028951980362,156.3968414046654,0.0021328715308897017,0.005920829293019959
2023-08-07,155.38974788216504,155.9371515492202,156.44610582896917,156.30092773585582,-0.004793742796843192,0.0058874332790759855
2023-08-08,156.94089985768755,156.03293853613107,156.51585764977642,156.36187746174454,0.009982331502968789,0.006432316739518013
2023-08-09,157.05657449198043,156.15453093497337,156.58767111525387,156.42803908367176,0.0007370585640693594,0.006409437459121741
2023-08-10,158.23587167604424,156.38202348905085,156.6811170024416,156.60021361627867,0.007508741279238951,0.006751541388663247
2023-08-11,158.30339015745434,156.56482400786348,156.7913734549347,156.76242090591444,0.0004266951652298623,0.006726137171959801
2023-08-14,160.36413808233635,156.88253783135542,156.9423546624402,157.1054415893832,0.013017711893802852,0.007664792645116871
2023-08-15,162.11947892477954,157.48824994827547,157.1184827209697,157.58296895465904,0.010945968739855871,0.007387148878622146
2023-08-16,161.87051477630047,158.22247706742115,157.2606086243737,157.9913066519582,-0.0015356831278404703,0.006021095720371712
2023-08-17,162.84208572725484,158.92609359947247,157.4029805302751,158.45328561151027,0.006002149015817082,0.005912243992044394
2023-08-18,163.48746167683998,159.66101632528427,157.51519630601794,158.93273095106548,0.003963201200125166,0.005860909324689078
2023-08-21,164.85609323437234,160.607650860505,157.67013166416922,159.4968606923328,0.008371477197668398,0.0049117967815831805
2023-08-22,163.89116977379223,161.30267785211547,157.78832214037445,159.91536631913849,-0.005853125848422791,0.0059147195747887545
2023-08-23,164.57722123379065,162.05474252629648,157.91656680566493,160.3593525014863,0.004186018447152051,0.005779091663898341
2023-08-24,165.63564572064024,162.79471993075612,158.022183902028,160.8618566175962,0.006431172424196108,0.005730814022050965
2023-08-25,163.87690623421713,163.35207153843237,158.10879217436974,161.14900420013154,-0.010618121955399573,0.007434588215510545
2023-08-28,162.69364772155137,163.58502250235387,158.18852971330176,161.29611310693343,-0.007220410366879926,0.007306609939005722
2023-08-29,160.65441554379126,163.43851616425508,158.23947046158747,161.23499905330084,-0.01253418437854581,0.007685064303953489
2023-08-30,160.3850087093467,163.28996555755967,158.32750098767048,161.15404759197187,-0.0016769338927452582,0.007686531483384411
2023-08-31,161.10255096514265,163.11601208134843,158.44039745930303,161.14914315132148,0.004473873596854139,0.00754811126013318
2023-09-01,162.6049080172387,163.0277567153883,158.59852372520857,161.28778742426599,0.009325470286445814,0.008112980178191995
2023-09-04,162.67900279765846,162.81004767171694,158.75512401099297,161.42028412649384,0.00045567370212395986,0.007514035354470473
2023-09-05,164.30761834322976,162.8516925286607,158.93746148817328,161.69526833761154,0.010011221593219322,0.00809861827012032
2023-09-06,162.92751688501488,162.68672209378312,159.05467351940496,161.81262534212613,-0.008399497674733025,0.008397160667720404
2023-09-07,161.2241344456597,162.24557096628504,159.11880942508583,161.7565785900817,-0.01045484809393693,0.008440032000039248
2023-09-08,161.16858674676308,161.97473901753966,159.193372449902,161.7005793669085,-0.00034453711962922906,0.007976770792860794
2023-09-11,161.5526521957024,161.86063946495477,159.2935850771239,161.68649106488888,0.0023830043849846216,0.007806066472124555
2023-09-12,161.5199574476083,161.94719365533643,159.38330542595384,161.67063072038596,-0.00020237828132019242,0.0066065150421989235
2023-09-13,159.45251534756844,161.85394431915864,159.45808159692334,161.4593816372605,-0.01279991731492669,0.007844753413143644
2023-09-14,159.36339530805563,161.68002875344993,159.49444619178556,161.25976389162193,-0.0005589127228162738,0.007645165569392866
2023-09-15,158.0589258075508,161.22543053248114,159.4811325942232,160.95492216932942,-0.00818550268700824,0.006978872055184405
2023-09-18,158.72859835638081,160.83039008835337,159.49059596067957,160.742891330001,0.004236853726599321,0.007271729358358586
2023-09-19,159.09519660247767,160.30914791427818,159.54165398263967,160.5859680226178,0.002309591654515497,0.0061248881905099865
2023-09-20,158.15531681615033,159.83192790739173,159.54683696138994,160.35447743152565,-0.00590765658799719,0.005937751583118922
2023-09-21,157.64144989881362,159.4736594527071,159.54403339869853,160.09609385698167,-0.003249128310583882,0.005332516208449838
2023-09-22,156.58223637692467,159.01502441572327,159.49528923932985,159.7614407636429,-0.006719130803280682,0.005461294621739006
2023-09-25,156.5195572796515,158.51171492411817,159.4771800511916,159.4526899556437,-0.0004002950700121577,0.005229894415958379
2023-09-26,157.47469960015275,158.10718913937262,159.49016120992243,159.26430992178743,0.006102383223552721,0.005954266612483524
2023-09-27,156.4889735538172,157.8108349599975,159.48332297373224,158.99999217245693,-0.006259583595577101,0.004978540707366866
2023-09-28,156.99302006933505,157.57379743612546,159.48562605597706,158.8088519721596,0.003220971446556975,0.005225910042154086
2023-09-29,156.4627624509626,157.4141811004666,159.48632529528405,158.58541487490277,-0.0033775872210004554,0.004739505441016735
2023-10-02,155.66988961870027,157.10831022669856,159.4587100792988,158.30774580288346,-0.005067485833958885,0.0045036755055608765
2023-10-03,155.5628592587457,156.75507649232537,159.45030666470217,158.04632803677512,-0.000687546963749508,0.004284213663886446
2023-10-04,154.52761693632633,156.39230650434297,159.4240459933575,157.71121269387524,-0.0066548167560835925,0.0043612137404559995
2023-10-05,153.97396763097913,156.0255582775595,159.3843064232717,157.35528459264702,-0.0035828502135986096,0.004370472076461369
2023-10-06,152.77608973839028,155.64494361370606,159.31032051865296,156.91917079700355,-0.007779742972264914,0.004499447619182374
2023-10-09,154.7408148713067,155.4670693728716,159.26139681913077,156.71170832788957,0.012860161143545046,0.0066230688909367265
2023-10-10,154.77607842327842,155.1972072551842,159.23567123248478,156.5273626226885,0.00022788785234872933,0.006155013532264872
2023-10-11,154.07635291528584,154.95594519133104,159.2266334190936,156.2939331267454,-0.004520889242838888,0.006035616622527099
2023-10-12,154.29033282602006,154.68567646699955,159.19632166747914,156.10311405048586,0.0013887913796342133,0.005901480560408952
2023-10-13,154.17800477632923,154.45720069953617,159.15711707463132,155.91977031009,-0.0007280303803446353,0.005878194268589427
2023-10-16,153.95703517679598,154.28591525534577,159.12846282052394,155.7328431545382,-0.0014332109165234863,0.005740733155449851
2023-10-17,154.5712018768394,154.18674951715514,159.08106886090695,155.62221065190022,0.003989208413491152,0.005963434176918869
2023-10-18,155.32870958688673,154.2668587822112,159.04651156280508,155.59425816951799,0.004900704017627433,0.005781642221218313
2023-10-19,154.7982084392762,154.34928286304088,158.97775829806974,155.51844390949498,-0.0034153451027916226,0.00576862344715159
2023-10-20,154.22239019863153,154.49391290906502,158.89613829889328,155.3950102227461,-0.0037197991272008846,0.0052355610820409345
2023-10-23,153.94733850147986,154.41456527208234,158.76780230727616,155.25713672548264,-0.001783474479920888,0.003180166733972759
2023-10-24,151.6454173367443,154.1014991634289,158.55832107551544,154.9131634503647,-0.014952653206885103,0.005538148033703707
2023-10-25,150.13022627454575,153.7068864993549,158.32351530548033,154.45764562409622,-0.00999167062750006,0.006057668798852702
2023-10-26,151.49710054199025,153.4275632709519,158.09661560177506,154.17568894960993,0.009104590736743967,0.007031666691619751
2023-10-27,153.14206825549155,153.32396961886815,157.8897077333481,154.07724888350342,0.010858080501978673,0.00810159032031547
2023-10-30,152.89303221593516,153.21756932278205,157.65044651297933,153.964466343735,-0.0016261765456955235,0.008103907473266777
2023-10-31,153.46958917899093,153.10740805299724,157.44201490108333,153.91733518518794,0.003770982592859351,0.00809026821446799
2023-11-01,153.78083933353446,152.95262102766202,157.2260872630782,153.90433558026854,0.002028090100511859,0.007919068407936821
2023-11-02,156.8597201419897,153.15877219793336,157.05056875150518,154.18580077662293,0.020021225152617728,0.01024292522351671
2023-11-03,157.9792950534243,153.53446268341264,156.93261652788934,154.5470859458421,0.007137427699227983,0.010218756813024648
2023-11-06,157.8513774619435,153.924866579459,156.83577112269717,154.861780375947,-0.0008097111171279092,0.010178422548993584
2023-11-07,156.89583702134308,154.44990854791885,156.7605995522482,155.05550005646091,-0.006053418449457615,0.00876918435597613
2023-11-08,155.28939070108552,154.96582499057283,156.658687192083,155.07777535594897,-0.010238935275504013,0.00881152451372445
2023-11-09,155.49285433695275,155.3654003700691,156.54649325951917,155.11730668747313,0.0013102223851135797,0.008594803478441196
2023-11-10,154.73650359166845,155.5248439036868,156.38912517100778,155.08103972596794,-0.0048642154554915384,0.008359201227104611
2023-11-13,153.31424988207075,155.56696567030036,156.20183011269603,154.91277402654916,-0.009191455646114788,0.00895143614963274
2023-11-14,152.66767699782824,155.48677445218408,155.969031285788,154.69895526190908,-0.004217304554141932,0.008964789211058925
2023-11-15,151.58612899421385,155.26730341825203,155.74220352797198,154.40249561736667,-0.0070843286862206645,0.009142013779527997
2023-11-16,153.2732706292864,154.90865846698168,155.58318625164452,154.29495038040665,0.011129920964845885,0.007011333294329058
2023-11-17,154.15491038623585,154.52622000026287,155.44291272443397,154.28161323810468,0.005752077667095845,0.006815349465048816
2023-11-20,154.14693774491923,154.1557760285604,155.2947984354183,154.26878700065845,-5.17183740476046e-05,0.0068395040984546105
2023-11-21,155.62688188380926,154.02888051480704,155.17693692414232,154.39812937048234,0.00960086629381518,0.007642281836497394
2023-11-22,155.70425019145688,154.07036646384418,155.10197162102008,154.52252182962278,0.0004971397403270572,0.006883082020113122
2023-11-23,154.84296599012862,154.00537762916173,155.01156303466155,154.55304032109953,-0.00553153944268836,0.007106602102934332
2023-11-24,156.3660900673983,154.16833627673472,154.9777063198585,154.72571172550894,0.009836572604575267,0.007584084621784985
2023-11-27,156.90500011108293,154.52741129963596,154.94123435495254,154.93326300032552,0.003446463638326902,0.006682828550212622
2023-11-28,155.86775395675647,154.84741899552878,154.87668550203813,155.02226213903322,-0.006610663481674384,0.006979928644057671
2023-11-29,155.67741527867287,155.25654762397468,154.82712747128858,155.08465767614175,-0.0012211549422622703,0.006339759596516626
2023-11-30,154.80179702528812,155.40940026357487,154.77033441381806,155.05771856653664,-0.005624568289609222,0.006068013490842949
2023-12-01,153.4189972943238,155.33580895438362,154.70706963216605,154.90164987394496,-0.008932711102432767,0.006550435341229976
2023-12-04,154.34517484185542,155.35563266407726,154.66358198341013,154.8486522518412,0.0060369156614603625,0.006867793785013673
2023-12-05,156.25459148232557,155.4184036239289,154.63917982105357,154.98255122617303,0.012371080873934348,0.007331585722530283
2023-12-06,154.85602390850642,155.33358099563384,154.60652082814735,154.97050100544288,-0.008950569455601243,0.007907609935570674
2023-12-07,155.418993145197,155.3911837111407,154.5750402896646,155.01321454256234,0.0036354364685431406,0.007792340148795116
2023-12-08,154.76835057607516,155.23140976200838,154.54115205216686,154.98989416480165,-0.0041863774559006695,0.007139636722076949
2023-12-11,154.28122519231044,154.96903227013112,154.51337876363905,154.92240188170726,-0.0031474483119549035,0.0069858155424291175
2023-12-12,153.6888312680716,154.75114000126263,154.47589820382555,154.8049189661229,-0.0038397019695717294,0.006820764352516972
2023-12-13,152.82484049839178,154.4658825232345,154.44184267506688,154.61634006443424,-0.005621688723579377,0.006949689408589045
2023-12-14,152.8733621263366,154.27303903333936,154.41983056497403,154.4503421655678,0.00031749830581584426,0.006842009591913112
2023-12-15,152.04241200992556,154.13538050489956,154.40515701040474,154.22101548407807,-0.005435545505464323,0.006484699781374688
2023-12-18,152.3128688357054,153.93214990428453,154.3565980896927,154.0392872318521,0.0017788248831660525,0.006108801500649045
2023-12-19,152.26263072625628,153.53295382867765,154.30632913575226,153.87008185036677,-0.0003298349629492492,0.0038524041895615607
2023-12-20,152.02368267938985,153.24971970576598,154.26527573103434,153.69423431027374,-0.0015693151085509616,0.003136307076605733
2023-12-21,151.11611901734827,152.81943229298108,154.2017914548609,153.4486995204713,-0.005969883415833266,0.0027158109818754043
2023-12-22,150.53934768677993,152.39653200405155,154.1290183130699,153.1716183934531,-0.003816742610377122,0.0026973027760485726
2023-12-25,151.29473891260568,152.0978833760811,154.07577238778612,152.99286796670572,0.0050178988911089295,0.0036394832465572644
2023-12-26,151.79565610023005,151.90856585929694,154.02026147225394,152.87884778894613,0.003310869837408692,0.003918052128277909
2023-12-27,150.8181008554315,151.70789189500093,153.93004929762483,152.68258617623044,-0.006439942155874734,0.004026949127978659
2023-12-28,150.91743316086072,151.51229899845333,153.8524337920565,152.51447636524284,0.0006586232346503795,0.004043711598412093
2023-12-29,151.66882028423254,151.47493982588404,153.80136239376853,152.43393769086092,0.00497879607169649,0.00419274815156605
