Date,Close,SMA_50,EMA_20
2018-06-07,16.219999313354492,12.25599988937378,14.56856641151692
2018-06-08,18.950000762939453,12.410199909210204,14.985845873557162
2018-06-11,18.420000076293945,12.558599910736085,15.312908178579713
2018-06-12,18.65999984741211,12.711799907684327,15.631678813706609
2018-06-13,20.06999969482422,12.894999904632568,16.054376040479717
2018-06-14,20.5,13.085599899291992,16.47776879852927
2018-06-15,19.649999618530273,13.258999900817871,16.779886019481744
2018-06-18,21.280000686645508,13.465799922943114,17.208468368735435
2018-06-19,19.18000030517578,13.627399921417236,17.396233315063085
2018-06-20,18.540000915527344,13.768199939727783,17.50516356272635
2018-06-21,16.440000534057617,13.867399959564208,17.4037194647579
2018-06-22,16.649999618530273,13.967999954223632,17.331936622260027
2018-06-25,15.359999656677246,14.047199954986572,17.144133101728332
2018-06-26,15.850000381469727,14.137599964141845,17.02088236646561
2018-06-27,13.899999618530273,14.189199962615966,16.723655438090816
2018-06-28,14.5,14.252199954986573,16.511878729701213
2018-06-29,13.989999771118164,14.30499994277954,16.271699781264733
2018-07-02,13.359999656677246,14.34839994430542,15.994395007494496
2018-07-03,13.800000190734863,14.400599956512451,15.785405024945959
2018-07-05,12.899999618530273,14.432799949645997,15.510604510049227
2018-07-06,13.300000190734863,14.480799961090089,15.30007076535262
2018-07-09,13.850000381469727,14.537799968719483,15.16196882403044
2018-07-10,13.260000228881836,14.590799980163574,14.980828957825812
2018-07-11,12.779999732971191,14.627999973297118,14.771226174506324
2018-07-12,14.260000228881836,14.701599979400635,14.722537989208755
2018-07-13,13.800000190734863,14.772399978637695,14.634677246496956
2018-07-16,13.800000190734863,14.846799983978272,14.555184193567232
2018-07-17,13.6899995803833,14.920799980163574,14.472785658978287
2018-07-18,14.430000305175781,15.00939998626709,14.46871086337805
2018-07-19,13.920000076293945,15.082399978637696,14.416452693179563
2018-07-20,14.40999984741211,15.157599983215333,14.415838136439806
2018-07-23,14.180000305175781,15.221199989318848,14.393377390605137
2018-07-24,13.920000076293945,15.270399990081787,14.348293836861213
2018-07-25,13.359999656677246,15.296199989318847,14.254170581605598
2018-07-26,12.770000457763672,15.308400001525879,14.112821046001605
2018-07-27,12.130000114440918,15.268800010681153,13.92398095728154
2018-07-30,11.59000015258789,15.229600009918213,13.70169707112024
2018-07-31,11.710000038146973,15.207000007629395,13.5120116394085
2018-08-01,11.329999923706055,15.178600006103515,13.304200999817793
2018-08-02,11.510000228881836,15.146000003814697,13.133324735919132
2018-08-03,11.0600004196167,15.118400020599365,12.935865277223662
2018-08-06,11.270000457763672,15.066800022125244,12.77721148489414
2018-08-07,11.399999618530273,15.010000019073486,12.646048450002343
2018-08-08,11.390000343322754,14.937200031280518,12.526424820794764
2018-08-09,11.25,14.828800029754639,12.404860552147644
2018-08-10,11.140000343322754,14.727000045776368,12.284397675116702
2018-08-13,10.8100004196167,14.605000057220458,12.143978888878607
2018-08-14,10.65999984741211,14.489600048065185,12.002647551596084
2018-08-15,10.265000343322754,14.360700073242187,11.837157341284339
2018-08-16,10.5600004196167,14.240500087738036,11.715523348744563
2018-08-17,10.699999809265137,14.13010009765625,11.618806821175093
2018-08-20,11.300000190734863,13.977100086212157,11.58844428494269
2018-08-21,11.850000381469727,13.845700092315674,11.613354389373836
2018-08-22,11.010000228881836,13.692700099945068,11.555892088374597
2018-08-23,10.529999732971191,13.501900100708008,11.458188054526653
2018-08-24,10.90999984741211,13.31010009765625,11.405979653849077
2018-08-27,11.529999732971191,13.147700099945068,11.417791089955944
2018-08-28,13.079999923706055,12.98370008468628,11.576096693170241
2018-08-29,13.760000228881836,12.8753000831604,11.784087506095155
2018-08-30,13.140000343322754,12.767300071716308,11.913222062021593
2018-08-31,12.829999923706055,12.695100059509278,12.000534239324875
2018-09-04,12.5,12.612100067138671,12.04810240700822
2018-09-05,11.390000343322754,12.532700080871582,11.985426019990557
2018-09-06,11.399999618530273,12.443700065612793,11.929671124613387
2018-09-07,11.710000038146973,12.399900074005126,11.908750068759444
2018-09-10,11.3100004196167,12.336100082397461,11.85172629265061
2018-09-11,11.84000015258789,12.293100090026856,11.850609517406541
2018-09-12,13.029999732971191,12.286500091552734,11.962932395079365
2018-09-13,13.350000381469727,12.277500095367431,12.095034108068925
2018-09-14,13.520000457763672,12.2899001121521,12.230745188992234
2018-09-17,13.229999542236328,12.288500099182128,12.325912270253577
2018-09-18,13.760000228881836,12.286700096130371,12.46249207583722
2018-09-19,13.220000267028809,12.285900096893311,12.53463571309356
2018-09-20,13.4399995803833,12.299100093841552,12.620860843311632
2018-09-21,12.430000305175781,12.262500095367432,12.602683649203456
2018-09-24,12.0,12.226500091552735,12.545285206422173
2018-09-25,12.550000190734863,12.201500091552735,12.545734252547192
2018-09-26,12.869999885559082,12.18510009765625,12.576616693786418
2018-09-27,13.020000457763672,12.156900100708008,12.618843718927108
2018-09-28,13.479999542236328,12.148100090026855,12.700858559242272
2018-10-01,13.949999809265137,12.138900089263917,12.819824392577782
2018-10-02,13.3100004196167,12.121500091552734,12.866507823724346
2018-10-03,14.369999885559082,12.130500087738037,13.009697543899083
2018-10-04,13.550000190734863,12.134300098419189,13.061154938835823
2018-10-05,13.350000381469727,12.14590009689331,13.08866402861048
2018-10-08,13.630000114440918,12.17590009689331,13.140219846308618
2018-10-09,13.170000076293945,12.20750009536743,13.143056058688174
2018-10-10,12.420000076293945,12.221700096130371,13.074193584174438
2018-10-11,12.6899995803833,12.248900089263916,13.037603679051472
2018-10-12,13.710000038146973,12.292900085449219,13.101641427536757
2018-10-15,13.949999809265137,12.350700073242187,13.18243746389184
2018-10-16,13.460000038146973,12.394500064849854,13.208871994773281
2018-10-17,13.25,12.431500072479247,13.212788947652015
2018-10-18,12.609999656677246,12.455900058746337,13.155380443749657
2018-10-19,12.489999771118164,12.4807000541687,13.092010855879991
2018-10-22,13.050000190734863,12.518900051116944,13.088009840151884
2018-10-23,12.970000267028809,12.562100048065185,13.07677083318778
2018-10-24,11.989999771118164,12.588700046539307,12.973268827276389
2018-10-25,12.569999694824219,12.634800033569336,12.934862243233326
2018-10-26,13.170000076293945,12.687000026702881,12.957256322572432
2018-10-29,12.470000267028809,12.722400035858154,12.91085098394923
2018-10-30,13.100000381469727,12.758400039672852,12.928865212284515
2018-10-31,13.5,12.791400032043457,12.983259001590753
2018-11-01,14.1899995803833,12.855000019073486,13.098186675761472
2018-11-02,14.430000305175781,12.933000030517578,13.225026069039025
2018-11-05,14.359999656677246,13.00200002670288,13.333118791671236
2018-11-06,14.90999984741211,13.0696000289917,13.483297939837033
2018-11-07,15.149999618530273,13.111000022888184,13.642031433045915
2018-11-08,14.489999771118164,13.12560001373291,13.722790322386128
2018-11-09,13.399999618530273,13.13079999923706,13.692048350590332
2018-11-12,12.899999618530273,13.132199993133545,13.616615138013183
2018-11-13,13.770000457763672,13.157600002288818,13.631223263703705
2018-11-14,13.5600004196167,13.201000003814697,13.62444013569542
2018-11-15,14.470000267028809,13.262400016784667,13.704969672012885
2018-11-16,14.5,13.318200016021729,13.780686846106896
2018-11-19,13.024999618530273,13.3525,13.708716633956742
2018-11-20,13.600000381469727,13.387700004577637,13.698362705148455
2018-11-21,15.140000343322754,13.429900016784668,13.835661527831721
2018-11-23,14.979999542236328,13.4625,13.94464610063216
2018-11-26,14.9399995803833,13.490899982452392,14.039441670132268
2018-11-27,14.970000267028809,13.525699996948243,14.128066298408129
2018-11-28,16.139999389648438,13.573299980163574,14.319678973764347
2018-11-29,14.930000305175781,13.607499980926514,14.377804814851151
2018-11-30,15.609999656677246,13.650899982452392,14.495156704548874
2018-12-03,15.420000076293945,13.710699977874755,14.58323702566745
2018-12-04,14.329999923706055,13.757299976348877,14.559119206433031
2018-12-06,14.680000305175781,13.799899978637695,14.570631692027579
2018-12-07,14.6899995803833,13.83629997253418,14.582000062347172
2018-12-10,14.710000038146973,13.870099964141845,14.594190536232865
2018-12-11,15.050000190734863,13.901499977111817,14.63760097951877
2018-12-12,15.289999961853027,13.928299980163574,14.699734215931555
2018-12-13,14.949999809265137,13.961099967956542,14.723569034344276
2018-12-14,15.220000267028809,13.978099975585938,14.77084819936185
2018-12-17,14.279999732971191,13.992699966430663,14.724100726372265
2018-12-18,14.720000267028809,14.020099964141846,14.723710206434793
2018-12-19,14.550000190734863,14.038499965667725,14.707166395415753
2018-12-20,14.630000114440918,14.067699966430665,14.699817225799102
2018-12-21,13.300000190734863,14.085299968719482,14.566501317697746
2018-12-24,13.710000038146973,14.105699977874757,14.484929767264338
2018-12-26,13.850000381469727,14.108499984741211,14.424460301950566
2018-12-27,14.079999923706055,14.111099987030029,14.391654551641563
2018-12-28,14.369999885559082,14.129299983978271,14.38959220249085
2018-12-31,14.59000015258789,14.156099987030029,14.408678673928664
2019-01-02,14.279999732971191,14.189499988555909,14.39642353669462
2019-01-03,12.949999809265137,14.198699989318847,14.25866889598705
2019-01-04,13.699999809265137,14.211699981689453,14.205462316299249
2019-01-07,14.270000457763672,14.23769998550415,14.211608805962527
2019-01-08,14.779999732971191,14.29349998474121,14.265741275201448
2019-01-09,15.75,14.357099990844727,14.407099248991786
2019-01-10,16.260000228881836,14.418899993896485,14.583566008981315
2019-01-11,15.359999656677246,14.476699981689453,14.657512070666641
2019-01-14,15.0600004196167,14.515899982452392,14.69584429437617
2019-01-15,15.510000228881836,14.556099987030029,14.773382954805282
2019-01-16,16.030000686645508,14.592900009155274,14.89306083402816
2019-01-17,16.530000686645508,14.634900016784668,15.048959867610765
2019-01-18,16.709999084472656,14.681900005340577,15.20715407874047
2019-01-22,15.930000305175781,14.70230001449585,15.275996576496214
2019-01-23,15.949999809265137,14.718300018310547,15.340187360569443
2019-01-24,16.889999389648438,14.766300010681153,15.487788506196015
2019-01-25,17.440000534057617,14.847100028991699,15.673713461230452
2019-01-28,17.979999542236328,14.94870002746582,15.893359754659583
2019-01-29,17.84000015258789,15.030100021362305,16.078754078271803
2019-01-30,17.760000228881836,15.114100017547607,16.238872759282284
2019-01-31,18.40999984741211,15.192900009155274,16.4456467676756
2019-02-01,17.829999923706055,15.259500007629395,16.577489925392786
2019-02-04,17.700000762939453,15.353000030517578,16.68439571944485
2019-02-05,18.209999084472656,15.445200004577636,16.829691278018927
2019-02-06,18.209999084472656,15.506599979400635,16.961149164347855
2019-02-07,17.18000030517578,15.550599994659423,16.98199213014099
2019-02-08,17.459999084472656,15.600999984741211,17.0275166019821
2019-02-11,17.290000915527344,15.647399997711181,17.05251510803403
2019-02-12,17.860000610351562,15.681800022125245,17.129418489207126
2019-02-13,18.200000762939453,15.747200031280517,17.231378705753063
2019-02-14,18.920000076293945,15.813400039672851,17.39219978866172
2019-02-15,17.739999771118164,15.859800033569336,17.425323596514716
2019-02-19,17.799999237060547,15.929200019836426,17.461006990852415
2019-02-20,18.309999465942383,16.00180000305176,17.54186341705146
2019-02-21,18.139999389648438,16.07079999923706,17.59882874777498
2019-02-22,19.479999542236328,16.166199989318848,17.777987871057015
2019-02-25,20.260000228881836,16.27039999008179,18.014370000373663
2019-02-26,19.729999542236328,16.359199981689454,18.177763290074868
2019-02-27,19.860000610351562,16.457399997711182,18.337976368196458
2019-02-28,18.979999542236328,16.53259998321533,18.39912143239073
2019-03-01,17.979999542236328,16.606599979400634,18.359205061899832
2019-03-04,18.81999969482422,16.68859996795654,18.403090265035488
2019-03-05,19.139999389648438,16.780399951934815,18.473272086427198
2019-03-06,18.65999984741211,16.860999946594237,18.491055682711472
2019-03-07,17.799999237060547,16.95099992752075,18.42524078312567
2019-03-08,17.940000534057617,17.035599937438963,18.37902742607157
2019-03-11,18.600000381469727,17.130599937438966,18.400072469442822
2019-03-12,18.899999618530273,17.22699993133545,18.447684578879723
2019-03-13,18.200000762939453,17.303599948883058,18.42409564402827
2019-03-14,18.5,17.3817999458313,18.431324630311295
2019-03-15,18.709999084472656,17.470399932861326,18.45786505451714
2019-03-18,18.5,17.581399936676025,18.46187790646789
2019-03-19,18.649999618530273,17.680399932861327,18.479794259997643
2019-03-20,17.75,17.749999923706056,18.410290044759773
2019-03-21,17.709999084472656,17.808599910736085,18.343595667589568
2019-03-22,17.209999084472656,17.837799892425537,18.2356340882451
2019-03-25,17.59000015258789,17.86439989089966,18.17414514199203
2019-03-26,17.700000762939453,17.9111999130249,18.128988534463215
2019-03-27,17.709999084472656,17.96419988632202,18.089084777321254
2019-03-28,18.100000381469727,18.01599988937378,18.090124358668728
2019-03-29,18.950000762939453,18.07439989089966,18.172017349551652
2019-04-01,18.799999237060547,18.11979986190796,18.231825148362024
2019-04-02,18.049999237060547,18.146599864959718,18.21450839490474
2019-04-03,18.079999923706055,18.18959985733032,18.20169806431439
2019-04-04,17.229999542236328,18.215199851989745,18.109155347926002
2019-04-05,18.020000457763672,18.23779987335205,18.10066440600578
2019-04-08,17.90999984741211,18.24719985961914,18.082505876615908
2019-04-09,17.84000015258789,18.24439987182617,18.059410093375146
2019-04-10,17.6299991607666,18.240199851989747,18.018513814079093
2019-04-11,17.469999313354492,18.2343998336792,17.96627433781961
2019-04-12,18.31999969482422,18.232599830627443,17.999962467058143
2019-04-15,17.18000030517578,18.219599838256837,17.921870832593157
2019-04-16,17.100000381469727,18.20759983062744,17.843597456295686
2019-04-17,16.93000030517578,18.181999855041504,17.756588203808075
2019-04-18,17.450000762939453,18.16679988861084,17.727389399915825
2019-04-22,17.719999313354492,18.177599868774415,17.72668558214808
2019-04-23,17.729999542236328,18.18299987792969,17.72700119739458
2019-04-24,17.770000457763672,18.192599868774415,17.731096365048778
2019-04-25,17.489999771118164,18.185199851989747,17.708134784674435
2019-04-26,17.780000686645508,18.176799850463865,17.714979156290728
2019-04-29,17.68000030517578,18.151999855041502,17.711647837136926
2019-04-30,17.799999237060547,18.15319984436035,17.72006225617727
2019-05-01,17.829999923706055,18.15379985809326,17.730532510227626
2019-05-02,17.719999313354492,18.141999855041504,17.72952934862066
2019-05-03,18.190000534057617,18.142999877929686,17.7733837472337
2019-05-06,17.399999618530273,18.101399879455567,17.737823354023853
2019-05-07,17.09000015258789,18.03799987792969,17.676125906268048
2019-05-08,17.139999389648438,17.98619987487793,17.62506623801856
2019-05-09,17.139999389648438,17.931799850463868,17.578869395316644
2019-05-10,17.100000381469727,17.894199867248535,17.53326282256932
2019-05-13,16.209999084472656,17.858799858093263,17.40723770465535
2019-05-14,15.390000343322754,17.790199871063233,17.215119860718914
2019-05-15,15.529999732971191,17.71799987792969,17.054632229504843
2019-05-16,15.8100004196167,17.66099988937378,16.936095866658352
2019-05-17,15.350000381469727,17.611999912261965,16.785039153783245
2019-05-20,14.579999923706055,17.544799900054933,16.57503541758542
2019-05-21,14.770000457763672,17.46819990158081,16.403127326173824
2019-05-22,14.6899995803833,17.38399990081787,16.239972302765203
2019-05-23,14.319999694824219,17.306399879455565,16.057117768675585
2019-05-24,14.050000190734863,17.217399883270264,15.865963713633612
2019-05-28,14.010000228881836,17.123399906158447,15.689205286514396
2019-05-29,13.779999732971191,17.028999900817873,15.507376186176948
2019-05-30,13.890000343322754,16.93379991531372,15.353340391619406
2019-05-31,13.5,16.84879991531372,15.17683178289375
2019-06-03,13.479999542236328,16.764199924468993,15.015228712354949
2019-06-04,14.109999656677246,16.702199935913086,14.929016421338025
2019-06-05,13.989999771118164,16.63019992828369,14.839586264174228
2019-06-06,14.170000076293945,16.55959991455078,14.775816151042772
2019-06-07,14.800000190734863,16.501399936676027,14.778119392918208
2019-06-10,15.0600004196167,16.440599937438964,14.804965204984732
2019-06-11,14.920000076293945,16.359999923706056,14.815920907014181
2019-06-12,14.6899995803833,16.27779993057251,14.803928399716003
2019-06-13,14.479999542236328,16.206399936676025,14.773078032336986
2019-06-14,14.270000457763672,16.130199947357177,14.725165882377622
2019-06-17,14.359999656677246,16.072799949645997,14.690388146596634
2019-06-18,15.15999984741211,16.015599937438964,14.735113070483822
2019-06-19,15.1899995803833,15.961199932098388,14.778435595236154
2019-06-20,15.579999923706055,15.915999927520751,14.854775055090428
2019-06-21,15.4399995803833,15.872199935913086,14.91051072416594
2019-06-24,16.06999969482422,15.844199943542481,15.020938245181014
2019-06-25,15.640000343322754,15.790599956512452,15.079896540242132
2019-06-26,15.970000267028809,15.766399955749511,15.164668323745625
2019-06-27,16.100000381469727,15.746399955749512,15.253747567338396
2019-06-28,16.270000457763672,15.73319995880127,15.350533556902707
2019-07-01,16.479999542236328,15.713799934387207,15.458101745982098
2019-07-02,16.610000610351562,15.691599960327148,15.567806399731571
2019-07-03,16.6299991607666,15.669599952697753,15.66896761506824
2019-07-05,16.739999771118164,15.648999938964844,15.770970677549185
2019-07-08,16.559999465942383,15.630399932861328,15.846116276443775
2019-07-09,16.600000381469727,15.606799926757812,15.917914762636721
2019-07-10,16.59000015258789,15.584999923706055,15.981922895013023
2019-07-11,16.469999313354492,15.558399925231933,16.028406363426498
2019-07-12,16.399999618530273,15.529799919128418,16.063796197245903
2019-07-15,16.450000762939453,15.504399948120117,16.10057758445481
2019-07-16,16.06999969482422,15.461999931335448,16.097665404489995
2019-07-17,15.579999923706055,15.425599937438966,16.048363930129618
2019-07-18,15.529999732971191,15.394399929046632,15.998995911352624
2019-07-19,15.539999961853027,15.362399940490723,15.955282011400282
2019-07-22,15.5600004196167,15.330799961090088,15.917636145516132
2019-07-23,15.710000038146973,15.302999954223633,15.89786127814764
2019-07-24,15.800000190734863,15.294799976348877,15.88854117458452
2019-07-25,15.699999809265137,15.300999965667724,15.870584854077912
2019-07-26,15.960000038146973,15.30959997177124,15.879100585894014
2019-07-29,16.1299991607666,15.31599994659424,15.90299568826283
2019-07-30,15.489999771118164,15.318799934387208,15.863662743772863
2019-07-31,15.149999618530273,15.330199928283692,15.795694827083093
2019-08-01,14.75,15.329799919128417,15.69610484355137
2019-08-02,14.720000267028809,15.330399932861328,15.603142502930174
2019-08-05,13.8100004196167,15.320199947357178,15.432367066424128
2019-08-06,13.949999809265137,15.318199939727783,15.291189232408986
2019-08-07,14.039999961853027,15.318799934387208,15.172028349498895
2019-08-08,14.1899995803833,15.326999931335449,15.078501800059314
2019-08-09,13.90999984741211,15.327399921417236,14.9672158998072
2019-08-12,13.84000015258789,15.334199924468994,14.859862019119646
2019-08-13,14.010000228881836,15.344799938201904,14.778922801001759
2019-08-14,13.8100004196167,15.338799953460693,14.686644478965086
2019-08-15,14.010000228881836,15.339199962615966,14.622202169433347
2019-08-16,14.520000457763672,15.346199970245362,14.612468673083853
2019-08-19,14.5,15.340199966430664,14.601757370885391
2019-08-20,14.3100004196167,15.325199966430665,14.573970994574088
2019-08-21,14.40999984741211,15.314999961853028,14.558354694844375
2019-08-22,14.699999809265137,15.315199966430663,14.57184470574159
2019-08-23,14.699999809265137,15.31959997177124,14.584049953696214
2019-08-26,14.5,15.324199962615968,14.576045196201337
2019-08-27,13.920000076293945,15.3153999710083,14.513564708591108
2019-08-28,13.529999732971191,15.282799968719482,14.419891853770164
2019-08-29,13.699999809265137,15.252999973297118,14.351330706674448
2019-08-30,14.050000190734863,15.222399978637695,14.32263256229925
2019-09-03,14.15999984741211,15.196799983978272,14.30714373231
2019-09-04,13.770000457763672,15.15079999923706,14.255987229972254
2019-09-05,14.59000015258789,15.129799995422363,14.287797984507078
2019-09-06,14.460000038146973,15.099599990844727,14.304198180091829
2019-09-09,14.34000015258789,15.06439998626709,14.30760789175812
2019-09-10,14.869999885559082,15.036399974822999,14.36116903402488
2019-09-11,15.210000038146973,15.010999984741211,14.442010082036507
2019-09-12,15.140000343322754,14.981599979400634,14.50848534501615
2019-09-13,15.0600004196167,14.950200004577637,14.561010590216203
2019-09-16,15.0,14.915400009155274,14.602819105433708
2019-09-17,15.239999771118164,14.88900001525879,14.663502978356036
2019-09-18,15.210000038146973,14.861200008392334,14.715550317383745
2019-09-19,15.100000381469727,14.83140001296997,14.752164609201458
2019-09-20,15.260000228881836,14.807200031280518,14.800529906313875
2019-09-23,15.100000381469727,14.781200046539306,14.829050903947765
2019-09-24,14.600000381469727,14.744200038909913,14.807236568473666
2019-09-25,14.890000343322754,14.720600051879883,14.815118832745007
2019-09-26,15.020000457763672,14.709400062561036,14.834631368461071
2019-09-27,14.329999923706055,14.685400066375733,14.786571230865356
2019-09-30,14.119999885559082,14.657000064849854,14.723088245598092
2019-10-01,13.800000190734863,14.621800060272216,14.63517509751588
2019-10-02,13.800000190734863,14.583600063323974,14.555634630203402
2019-10-03,14.220000267028809,14.552000064849853,14.523669452758202
2019-10-04,13.920000076293945,14.51640007019043,14.466177131190177
2019-10-07,13.640000343322754,14.470000076293946,14.387493627583755
2019-10-08,13.4399995803833,14.41620008468628,14.29725609927895
2019-10-09,13.789999961853027,14.382200088500976,14.248945990952672
2019-10-10,14.010000228881836,14.359400100708008,14.226189251707831
2019-10-11,14.369999885559082,14.35180009841919,14.239885502550809
2019-10-14,14.350000381469727,14.344400100708008,14.25037263387642
2019-10-15,14.510000228881836,14.35840009689331,14.275099071495983
2019-10-16,14.5600004196167,14.370600109100343,14.302232533221767
2019-10-17,14.350000381469727,14.376800117492676,14.306781852102526
2019-10-18,14.40999984741211,14.381200122833253,14.316612137370106
2019-10-21,14.859999656677246,14.400200119018555,14.36836332968507
2019-10-22,14.5600004196167,14.414600124359131,14.38661448110713
2019-10-23,14.420000076293945,14.422800121307374,14.389794061601114
2019-10-24,15.260000228881836,14.451800117492676,14.472670839437372
2019-10-25,15.520000457763672,14.482000122070312,14.572416517373211
2019-10-28,15.720000267028809,14.506000118255615,14.681710207816602
2019-10-29,15.569999694824219,14.5274001121521,14.766309206579232
2019-10-30,15.710000038146973,14.555400104522706,14.856184523871399
2019-10-31,15.789999961853027,14.583000106811523,14.945119327488696
2019-11-01,16.459999084472656,14.618200092315673,15.089393590058597
2019-11-04,16.780000686645508,14.659800109863282,15.250403789733541
2019-11-05,16.420000076293945,14.698200111389161,15.361793912263103
2019-11-06,16.440000534057617,14.748600120544433,15.464480257195913
2019-11-07,16.950000762939453,14.817000141143799,15.60595840060006
2019-11-08,16.579999923706055,14.874600143432618,15.698724259943488
2019-11-11,16.770000457763672,14.929000148773193,15.800750564497791
2019-11-12,16.68000030517578,14.979400157928467,15.884488635038553
2019-11-13,16.770000457763672,15.039400157928467,15.968823094345707
2019-11-14,16.329999923706055,15.07420015335083,16.00322088761812
2019-11-15,16.709999084472656,15.119200134277344,16.07053309684236
2019-11-18,16.3799991607666,15.160000114440917,16.100006055311336
2019-11-19,15.729999542236328,15.177200107574462,16.064767339780385
2019-11-20,16.290000915527344,15.19880012512207,16.08621815651819
2019-11-21,16.920000076293945,15.234400119781494,16.165625958401595
2019-11-22,16.59000015258789,15.265000114440918,16.2060425483241
2019-11-25,16.809999465942383,15.301200103759765,16.263562254763933
2019-11-26,16.799999237060547,15.332400093078613,16.314651491173134
2019-11-27,17.0,15.368200092315673,16.379922777728073
2019-11-29,17.280000686645508,15.411800098419189,16.465644483339258
2019-12-02,17.40999984741211,15.454800090789796,16.555583089441434
2019-12-03,16.68000030517578,15.486400089263917,16.5674323480828
2019-12-04,16.420000076293945,15.5228000831604,16.553391179341006
2019-12-05,16.950000762939453,15.564000091552735,16.591163520636094
2019-12-06,17.170000076293945,15.60700008392334,16.646290811651127
2019-12-09,16.989999771118164,15.660200080871583,16.679024998267035
2019-12-10,16.959999084472656,15.717000064849854,16.70578443504852
2019-12-11,17.540000915527344,15.791800079345704,16.78523362366555
2019-12-12,17.739999771118164,15.870600070953369,16.87616373294675
2019-12-13,17.899999618530273,15.944200057983398,16.973671912526136
2019-12-16,17.959999084472656,16.025000038146974,17.0676078336639
2019-12-17,17.850000381469727,16.10920003890991,17.142121409645405
2019-12-18,17.690000534057617,16.194200057983398,17.19430037387514
2019-12-19,18.040000915527344,16.279200077056885,17.27484328260392
2019-12-20,17.940000534057617,16.3578000831604,17.338191592266178
2019-12-23,18.420000076293945,16.438800086975096,17.441220971697394
2019-12-24,18.440000534057617,16.520600090026857,17.53634283477932
2019-12-26,18.34000015258789,16.597200088500976,17.612881626951562
2019-12-27,18.239999771118164,16.670800075531005,17.67260716449124
2019-12-30,18.450000762939453,16.752800083160402,17.746644650057736
2019-12-31,18.6200008392334,16.837000102996825,17.82982142997923
2020-01-02,20.950000762939453,16.95880012512207,18.126981366451634
2020-01-03,22.079999923706055,17.10920011520386,18.503459324285387
2020-01-06,23.209999084472656,17.285000095367433,18.951701206207986
2020-01-07,23.1299991607666,17.44240007400513,19.349634344737378
2020-01-08,23.84000015258789,17.608800067901612,19.777288231199332
2020-01-09,23.15999984741211,17.757600059509276,20.099451242267218
2020-01-10,21.549999237060547,17.877200050354006,20.237598670342773
2020-01-13,21.989999771118164,18.002800045013426,20.404494013273762
2020-01-14,22.8700008392334,18.144400062561036,20.63930418717468
2020-01-15,23.030000686645508,18.27580009460449,20.866989568076665
2020-01-16,22.969999313354492,18.39960006713867,21.067276210484078
2020-01-17,22.799999237060547,18.527200050354004,21.23229745111041
2020-01-21,22.610000610351562,18.650600051879884,21.363507275800043
2020-01-22,22.540000915527344,18.76240005493164,21.475554289107407
2020-01-23,22.510000228881836,18.881000061035156,21.574072950038307
2020-01-24,21.81999969482422,18.982000045776367,21.59749454477982
2020-01-27,22.299999237060547,19.094400024414064,21.66439975356846
2020-01-28,22.40999984741211,19.207200012207032,21.735409286315473
2020-01-29,22.3799991607666,19.328199996948243,21.796798798167963
2020-01-30,21.260000228881836,19.419200019836424,21.74567512490262
2020-01-31,21.549999237060547,19.522600021362305,21.727039326060517
2020-02-03,23.040000915527344,19.668800048828125,21.85208328696212
2020-02-04,23.579999923706055,19.8146000289917,22.016646776175826
2020-02-05,23.260000228881836,19.941400032043457,22.135061390719255
2020-02-06,26.34000015258789,20.136400032043458,22.535531748992458
2020-02-07,24.989999771118164,20.300000038146973,22.769290608242528
2020-02-10,25.459999084472656,20.473200035095214,23.025548558359684
2020-02-11,26.549999237060547,20.664200019836425,23.361210527759766
2020-02-12,27.530000686645508,20.869200019836427,23.758238161939364
2020-02-13,27.760000228881836,21.07620002746582,24.13935835879103
2020-02-14,28.690000534057617,21.316400032043457,24.57275285167356
2020-02-18,27.1299991607666,21.53060001373291,24.81630011920623
2020-02-19,27.719999313354492,21.74599998474121,25.0928428996013
2020-02-20,27.940000534057617,21.961399993896485,25.364000769549524
2020-02-21,26.8799991607666,22.159199981689454,25.508381568713055
2020-02-24,26.920000076293945,22.35840000152588,25.6428214265779
2020-02-25,26.719999313354492,22.541999969482422,25.7454097967471
2020-02-26,27.56999969482422,22.738599967956542,25.919180263230636
2020-02-27,26.6299991607666,22.91319995880127,25.986877301091205
2020-02-28,25.68000030517578,23.06759998321533,25.95765092052783
2020-03-02,27.229999542236328,23.255199966430663,26.078826979738164
2020-03-03,26.239999771118164,23.426199951171874,26.0941767693934
2020-03-04,27.549999237060547,23.61639991760254,26.232826528218844
2020-03-05,28.110000610351562,23.819799919128418,26.411605012231483
2020-03-06,26.68000030517578,23.984999923706056,26.43716646870237
2020-03-09,25.1200008392334,24.11859992980957,26.311722123038656
2020-03-10,26.0,24.27179992675781,26.282034301796877
2020-03-11,25.670000076293945,24.42039993286133,26.223745327939454
2020-03-12,23.799999237060547,24.52739990234375,25.99291236690337
2020-03-13,23.3700008392334,24.62239990234375,25.743111269030038
2020-03-16,22.15999984741211,24.646599884033204,25.401862562209285
2020-03-17,24.350000381469727,24.691999893188477,25.301685211662658
2020-03-18,21.010000228881836,24.64799991607666,24.892953308540676
2020-03-19,20.84000015258789,24.602199935913085,24.506957769878504
2020-03-20,20.190000534057617,24.52919994354248,24.095818985514608
2020-03-23,20.260000228881836,24.471199951171876,23.730502913454345
2020-03-24,22.200000762939453,24.484199981689454,23.5847408038815
2020-03-25,22.8700008392334,24.50180000305176,23.51667033105787
2020-03-26,23.040000915527344,24.505200004577638,23.471273243864488
2020-03-27,22.110000610351562,24.48680000305176,23.34162823114897
2020-03-30,22.959999084472656,24.48659999847412,23.30528259813218
2020-03-31,23.420000076293945,24.49900001525879,23.316208072242826
2020-04-01,24.059999465942383,24.527999992370606,23.38704534783326
2020-04-02,24.420000076293945,24.565599975585936,23.48542198863904
2020-04-03,24.110000610351562,24.597599983215332,23.544905666897378
2020-04-06,25.559999465942383,24.672399978637696,23.73681936204452
2020-04-07,26.489999771118164,24.756199989318848,23.999027020051535
2020-04-08,26.200000762939453,24.832000007629393,24.208643566993242
2020-04-09,26.829999923706055,24.921000022888183,24.45829655334684
2020-04-13,26.209999084472656,25.02,24.625125365835014
2020-04-14,27.479999542236328,25.138600006103516,24.8970181445399
2020-04-15,28.100000381469727,25.239799995422363,25.20206407186655
2020-04-16,28.780000686645508,25.343800010681154,25.542819939940735
2020-04-17,29.0,25.458600006103516,25.872075183755904
2020-04-20,29.68000030517578,25.525400009155273,26.234734719129225
2020-04-21,28.56999969482422,25.597000007629394,26.45714090729065
2020-04-22,30.200000762939453,25.691800041198732,26.813603750685775
2020-04-23,28.010000228881836,25.721000061035156,26.927546272418734
2020-04-24,27.739999771118164,25.72520004272461,27.004922796104392
2020-04-27,27.709999084472656,25.724200019836427,27.07207291880613
2020-04-28,26.959999084472656,25.689599990844727,27.061399220298178
2020-04-29,27.760000228881836,25.70220001220703,27.1279326496871
2020-04-30,27.389999389648438,25.69560001373291,27.152891386826273
2020-05-01,25.139999389648438,25.639599990844726,26.961187387095052
2020-05-04,26.530000686645508,25.632600021362304,26.92012198705224
2020-05-05,27.510000228881836,25.64440002441406,26.976300867226488
2020-05-06,27.979999542236328,25.6696000289917,27.071891217227424
2020-05-07,28.649999618530273,25.691200027465822,27.222187255446745
2020-05-08,29.0,25.73860004425049,27.39150275492801
2020-05-11,28.68000030517578,25.798600044250488,27.51421680733256
2020-05-12,29.239999771118164,25.838800048828126,27.678577089597855
2020-05-13,30.68000030517578,25.927600059509277,27.964426919652897
2020-05-14,31.030000686645508,25.997200088500975,28.256386326033148
2020-05-15,30.8799991607666,26.052600059509277,28.50625421505538
2020-05-18,33.65999984741211,26.192200050354003,28.99708713242269
2020-05-19,35.220001220703125,26.394200057983397,29.589745617020824
2020-05-20,32.70000076293945,26.52820007324219,29.885960392822597
2020-05-21,33.93000030517578,26.693400077819824,30.27110705114195
2020-05-22,33.040000915527344,26.87820011138916,30.534811228702466
2020-05-26,33.130001068115234,27.0734001159668,30.781972165789398
2020-05-27,32.29999923706055,27.276200103759766,30.926546172577126
2020-05-28,30.739999771118164,27.404000091552735,30.908779848628654
2020-05-29,32.43000030517578,27.632400093078612,31.053657987347428
2020-06-01,33.060001373291016,27.876800117492675,31.244738309818246
2020-06-02,34.189998626708984,28.156800079345704,31.52523929237927
2020-06-03,34.150001525878906,28.434600105285643,31.77521664795066
2020-06-04,33.560001373291016,28.661800117492675,31.94519614560212
2020-06-05,34.5,28.89440010070801,32.18851079840192
2020-06-08,34.959999084472656,29.132800064086915,32.45246206374199
2020-06-09,33.869998931884766,29.368000030517578,32.58746557499368
2020-06-10,35.47999954223633,29.618400039672853,32.862945000445364
2020-06-11,33.900001525878906,29.82800006866455,32.96171228858189
2020-06-12,35.869998931884766,30.0642000579834,33.238691968896454
2020-06-15,38.209999084472656,30.34000003814697,33.71214978942752
2020-06-16,39.34000015258789,30.6446000289917,34.24813553829994
2020-06-17,41.11000061035156,30.955600051879884,34.901646497542956
2020-06-18,42.61000061035156,31.27800006866455,35.63577546066759
2020-06-19,44.720001220703125,31.648400077819826,36.50093981876621
2020-06-22,42.88999938964844,31.96960006713867,37.10942168265976
2020-06-23,44.63999938964844,32.338200073242184,37.82661955951582
2020-06-24,44.029998779296875,32.669200057983396,38.41741758044735
2020-06-25,44.56999969482422,32.99860004425049,39.003377781816575
2020-06-26,44.52000045776367,33.31340003967285,39.52877041762106
2020-06-29,45.5,33.643400039672855,40.0974589492762
2020-06-30,46.31999969482422,33.97620002746582,40.69008187742364
2020-07-01,47.150001525878906,34.34780006408691,41.305312320133666
2020-07-02,48.18000030517578,34.70740005493164,41.960044509185295
2020-07-06,44.13999938964844,35.03000003814697,42.167659259705594
2020-07-07,46.22999954223633,35.399800033569335,42.55454881042281
2020-07-08,46.66999816894531,35.77900001525879,42.94649636837733
2020-07-09,48.22999954223633,36.20440002441406,43.44968714684009
2020-07-10,47.54999923706055,36.60020000457764,43.84019306019442
2020-07-13,45.310001373291016,36.95860004425049,43.98017480429886
2020-07-14,43.97999954223633,37.335400047302244,43.980158112673855
2020-07-15,43.220001220703125,37.669200057983396,43.90776221820045
2020-07-16,42.540000915527344,37.96980007171631,43.77749923699349
2020-07-17,41.900001525878906,38.24820011138916,43.598689931173055
2020-07-20,42.380001068115234,38.52280014038086,43.48262432516755
2020-07-21,44.15999984741211,38.8260001373291,43.54713627966703
2020-07-22,42.310001373291016,39.098600158691404,43.42931390763122
2020-07-23,41.0,39.333800163269046,43.19795067833301
2020-07-24,40.099998474121094,39.52220012664795,42.902907611265206
2020-07-27,41.31999969482422,39.72800010681152,42.75215447636606
2020-07-28,40.86000061035156,39.927600135803225,42.571949346269434
2020-07-29,41.77000045776367,40.089800148010255,42.49557326164984
2020-07-30,41.29999923706055,40.2114001083374,42.38170906883181
2020-07-31,43.58000183105469,40.42900012969971,42.49583218904351
2020-08-03,46.029998779296875,40.67100009918213,42.832419483353355
2020-08-04,45.189998626708984,40.914000053405765,43.05695083033961
2020-08-05,45.52000045776367,41.16180004119873,43.291526985332375
2020-08-06,44.439998626708984,41.4046000289917,43.40090523689206
2020-08-07,41.61000061035156,41.62200004577637,43.23034289150725
2020-08-10,41.0,41.79340003967285,43.017929282792274
2020-08-11,40.34000015258789,41.93900001525879,42.762888413249
2020-08-12,40.939998626708984,42.07400001525879,42.58927986214995
2020-08-13,41.75,42.22599998474121,42.509348446707094
2020-08-14,41.58000183105469,42.38639999389648,42.420839245216385
2020-08-17,43.4900016784668,42.56620002746582,42.522664238859285
2020-08-18,45.310001373291016,42.77320007324219,42.788124918328975
2020-08-19,45.27000045776367,43.001200103759764,43.02449401732275
2020-08-20,45.06999969482422,43.193000106811525,43.2193040818467
2020-08-21,44.9900016784668,43.41480010986328,43.38794194819147
2020-08-24,46.119998931884766,43.619800109863284,43.64813785140035
2020-08-25,47.0,43.79560012817383,43.96736281793365
2020-08-26,48.720001220703125,43.98320014953613,44.41999504676883
2020-08-27,45.13999938964844,44.06380012512207,44.488566888947844
2020-08-28,47.38999938964844,44.159400100708005,44.76489379377647
2020-08-31,47.25,44.210000076293944,45.00157057532157
2020-09-01,52.25,44.39720008850097,45.69189718719571
2020-09-02,50.880001068115234,44.52200012207031,46.18600231871186
2020-09-03,47.27000045776367,44.58680015563965,46.28924023671679
2020-09-04,47.02000045776367,44.635800170898435,46.35883644824507
2020-09-08,44.38999938964844,44.63320014953613,46.17132815695015
2020-09-09,45.099998474121094,44.62520011901856,46.06929675858548
2020-09-10,42.970001220703125,44.558200149536134,45.77412575497763
2020-09-11,43.02000045776367,44.47560012817383,45.51182810762393
2020-09-14,43.95000076293945,44.3910001373291,45.36308264622541
2020-09-15,45.38999938964844,44.4160001373291,45.36564614559903
2020-09-16,44.150001525878906,44.37440017700195,45.24987046753044
2020-09-17,44.220001220703125,44.32540023803711,45.15178768211832
2020-09-18,43.08000183105469,44.22240028381348,44.954474743921786
2020-09-21,43.09000015258789,44.133200302124024,44.77690573522332
2020-09-22,43.310001373291016,44.093200302124025,44.63720055789644
2020-09-23,41.849998474121094,44.05060028076172,44.37175274039403
2020-09-24,41.88999938964844,44.02400024414062,44.13539527841826
2020-09-25,42.20000076293945,44.017200241088865,43.9510719912298
2020-09-28,41.810001373291016,44.01540023803711,43.74716050380706
2020-09-29,40.65999984741211,43.98100021362305,43.45314520319802
2020-09-30,41.599998474121094,43.92980018615722,43.27665503852403
2020-10-01,42.5099983215332,43.93380012512207,43.20364011309633
2020-10-02,41.79999923706055,43.94980010986328,43.069960029664344
2020-10-05,45.099998474121094,44.049800109863284,43.26329702437451
2020-10-06,48.16999816894531,44.1868000793457,43.730601895286014
2020-10-07,47.66999816894531,44.323000030517576,44.10578249277738
2020-10-08,46.599998474121094,44.41959999084472,44.343326871952975
2020-10-09,48.41999816894531,44.56199996948242,44.73158128119034
2020-10-12,47.880001068115234,44.647999954223636,45.03143078470699
2020-10-13,47.65999984741211,44.680599975585935,45.28177069544081
2020-10-14,43.689998626708984,44.65059997558594,45.13017335556159
2020-10-15,43.7599983215332,44.61539993286133,44.999680495177934
2020-10-16,43.81999969482422,44.602999954223634,44.887329942763294
2020-10-19,44.0,44.650799942016604,44.80282232916679
2020-10-20,45.2400016784668,44.735599975585934,44.84445845767155
2020-10-21,45.15999984741211,44.831999969482425,44.87451001859922
2020-10-22,45.29999923706055,44.91919998168945,44.91503280130982
2020-10-23,44.439998626708984,44.97299995422363,44.86979145134784
2020-10-26,45.0,45.04139991760254,44.88219226550518
2020-10-27,45.81999969482422,45.08799987792969,44.97150725877366
2020-10-28,44.369998931884766,45.069199829101564,44.91422075145091
2020-10-29,46.40999984741211,45.09199981689453,45.056675903447214
2020-10-30,44.66999816894531,45.08399978637695,45.019849452542275
2020-11-02,44.459999084472656,45.07339973449707,44.96653036986898
2020-11-03,44.619998931884766,45.04339973449707,44.93352737577524
2020-11-04,48.15999984741211,45.066599731445315,45.24081046831209
2020-11-05,46.060001373291016,45.01339973449707,45.318828649738656
2020-11-06,48.869998931884766,45.087999725341795,45.65703534327638
2020-11-09,46.040000915527344,45.06099975585938,45.69350825491932
2020-11-10,43.70000076293945,44.989999771118164,45.50365039854029
2020-11-11,44.20000076293945,44.828999786376954,45.37949329038783
2020-11-12,45.900001525878906,44.729399795532224,45.42906550329174
2020-11-13,48.900001525878906,44.76199981689453,45.75963083877623
2020-11-16,50.04999923706055,44.82259979248047,46.168237352898544
2020-11-17,50.04999923706055,44.935799789428714,46.53792896091397
2020-11-18,47.849998474121094,44.99079978942871,46.662887962171794
2020-11-19,58.459999084472656,45.3005997467041,47.78642235477188
2020-11-20,60.0,45.640199737548826,48.94962022574599
2020-11-23,63.31999969482422,46.02759971618652,50.31822779422963
2020-11-24,62.84000015258789,46.37659973144531,51.5107775426447
2020-11-25,62.0099983215332,46.7337996673584,52.51070333111028
2020-11-27,64.86000061035156,47.14659965515137,53.68682688151421
2020-11-30,62.86000061035156,47.54219963073731,54.56046247473681
2020-12-01,60.81999969482422,47.89679962158203,55.1566088766499
2020-12-02,61.790000915527344,48.26639961242676,55.78836049940013
2020-12-03,62.33000183105469,48.67599967956543,56.4113739595577
2020-12-04,67.79000091552734,49.193999710083006,57.4950527172691
2020-12-07,72.55000305175781,49.80099975585937,58.928857511029925
2020-12-08,75.30000305175781,50.47079978942871,60.48801422919449
2020-12-09,73.05999755859375,51.118799743652346,61.68534597485156
2020-12-10,75.70999908447266,51.80099975585937,63.021027223386895
2020-12-11,75.91000366210938,52.4689998626709,64.24854878897952
2020-12-14,78.19999694824219,53.19699981689453,65.57725813748073
2020-12-15,76.66000366210938,53.8281999206543,66.63275771125488
2020-12-16,78.83000183105469,54.44139999389648,67.79440000837867
2020-12-17,82.19000244140625,55.1318000793457,69.1654097639051
2020-12-18,84.68000030517578,55.8934001159668,70.6429898154547
2020-12-21,87.61000061035156,56.677200164794925,72.25889560544488
2020-12-22,85.87999725341797,57.43720008850098,73.55614338144231
2020-12-23,82.77999877929688,58.13960006713867,74.4346058002856
2020-12-24,82.01000213623047,58.9060001373291,75.15607211799463
2020-12-28,81.37999725341797,59.6584001159668,75.74882689279684
2020-12-29,82.44999694824219,60.43100006103516,76.38703356474403
2020-12-30,94.3499984741211,61.43800003051758,78.09779212754185
2020-12-31,85.72000122070312,62.2476000213623,78.82371680308101
2021-01-04,94.73999786376953,63.23919998168945,80.33955309457515
2021-01-05,102.45999908447266,64.3823999786377,82.44626223647015
2021-01-06,105.5999984741211,65.60559997558593,84.65137997338928
2021-01-07,111.4000015258789,66.93360000610352,87.19886774029305
2021-01-08,118.47000122070312,68.38660003662109,90.17707092890353
2021-01-11,112.47000122070312,69.74860008239746,92.30020714717016
2021-01-12,115.44000244140625,71.12920013427734,94.50399717519264
2021-01-13,119.30999755859375,72.62200012207032,96.86647340218322
2021-01-14,123.22000122070312,74.19720016479492,99.37633319442321
2021-01-15,122.62999725341797,75.75740013122558,101.59096786670843
2021-01-19,127.87999725341797,77.35180007934571,104.09468495115695
2021-01-20,127.80000305175781,78.98660011291504,106.35233429407133
2021-01-21,123.87999725341797,80.4868000793457,108.02163552829482
2021-01-22,133.75,82.24100006103515,110.4719559541715
2021-01-25,134.27000427246094,84.05240013122558,112.73843674638954
2021-01-26,126.0,85.6884001159668,114.00144277054292
2021-01-27,120.43000030517578,87.17900009155274,114.61368634526987
2021-01-28,119.0,88.58100006103516,115.03143050286322
2021-01-29,113.88999938964844,89.85780006408692,114.92272277779514
2021-02-01,121.63999938964844,91.28960006713868,115.56246340749546
2021-02-02,129.97999572753906,92.93220001220703,116.93556172369009
2021-02-03,135.19000244140625,94.4668000793457,118.6740798872821
2021-02-04,142.57000732421875,96.11820022583008,120.9498825003237
2021-02-05,138.97999572753906,97.63140014648438,122.66703614101087
2021-02-08,144.0399932861328,99.25540000915527,124.70255586911772
2021-02-09,140.1199951171875,100.81759994506837,126.17088341655293
2021-02-10,156.3699951171875,102.64779983520508,129.04698929280386
2021-02-11,148.52000427246094,104.36099990844727,130.9015621480093
2021-02-12,153.1199951171875,106.20699981689454,133.01760338316913
2021-02-16,148.83999633789062,107.9479997253418,134.52449795028548
2021-02-17,146.83999633789062,109.63819961547851,135.69740255862882
2021-02-18,143.47000122070312,111.15179962158203,136.43765005025494
2021-02-19,143.60000610351562,112.57279968261719,137.11977919818452
2021-02-22,129.11000061035156,113.64899963378906,136.35694314220044
2021-02-23,129.25999450683594,114.7729995727539,135.68104327216574
2021-02-24,127.13999938964844,115.80159957885742,134.86761052144982
2021-02-25,131.83999633789062,116.92019943237305,134.57926631349181
2021-02-26,125.97000122070312,117.87559951782227,133.7593363046548
2021-03-01,144.6699981689453,119.23579940795898,134.79844695839677
2021-03-02,137.94000244140625,120.41799942016601,135.09764271868337
2021-03-03,138.77999877929688,121.54979934692383,135.44834329588465
2021-03-04,126.66000366210938,122.3893994140625,134.61135856885844
2021-03-05,118.83999633789062,123.01399932861328,133.10932407067102
2021-03-08,98.58999633789062,123.26819931030273,129.82176904850147
2021-03-09,107.4000015258789,123.76059936523437,127.68636261777552
2021-03-10,103.0999984741211,124.18239929199218,125.34480412790367
2021-03-11,110.44000244140625,124.76359939575195,123.92529920538011
2021-03-12,109.98999786376953,125.3143994140625,122.59812764903624
2021-03-15,111.6500015258789,125.66039947509766,121.5554489706403
2021-03-16,113.30999755859375,126.21219940185547,120.77016788377873
2021-03-17,111.3499984741211,126.5443994140625,119.87300889238277
2021-03-18,108.81999969482422,126.67159942626954,118.82034134975815
2021-03-19,108.86000061035156,126.73679946899414,117.87173746981466
2021-03-22,106.87999725341797,126.64639938354492,116.82490506825307
2021-03-23,105.98999786376953,126.39679931640624,115.79300914401655
2021-03-24,95.69999694824219,126.06139923095704,113.87938893489519
2021-03-25,95.6500015258789,125.66559921264648,112.14325680070317
2021-03-26,97.08000183105469,125.2209992980957,110.70866108930808
2021-03-29,101.54000091552734,124.78739929199219,109.83545535847182
2021-03-30,105.05000305175781,124.43579940795898,109.37969799592763
2021-03-31,107.05999755859375,124.0193994140625,109.15877414475298
2021-04-01,111.9800033569336,123.70299942016601,109.42746264115114
2021-04-05,110.41999816894531,123.43379943847657,109.5219898342744
2021-04-06,114.1500015258789,123.04179946899414,109.96275285252244
2021-04-07,106.75,122.49139938354492,109.65677639037746
2021-04-08,109.1500015258789,122.1543994140625,109.60851211756807
2021-04-09,105.80000305175781,121.86179946899414,109.24579696844327
2021-04-12,103.0,121.54179946899414,108.65095916192487
2021-04-13,104.43000030517578,121.35259948730469,108.24896308032972
2021-04-14,103.04000091552734,120.98059951782227,107.75287144558663
2021-04-15,103.0,120.44099960327148,107.30021702219743
2021-04-16,103.4800033569336,119.80679962158203,106.93638714931517
2021-04-19,105.72000122070312,119.06979949951172,106.82054087039974
2021-04-20,100.63999938964844,118.3029995727539,106.23191787223296
2021-04-21,104.16000366210938,117.50539978027344,106.03459270936405
2021-04-22,108.1500015258789,116.86599990844726,106.2360602156988
2021-04-23,116.66000366210938,116.0718000793457,107.22881673440456
2021-04-26,118.45999908447266,115.47059997558594,108.29845314869677
2021-04-27,120.16000366210938,114.81140014648437,109.42812462616465
2021-04-28,120.63999938964844,114.24740020751953,110.4959222226869
2021-04-29,114.62000274658203,113.60300033569337,110.88869179639119
2021-04-30,110.86000061035156,112.95080032348633,110.88595930248265
2021-05-03,106.12999725341797,112.20140014648437,110.43301053590505
2021-05-04,106.33999633789062,111.74600006103516,110.04319965990369
2021-05-05,105.06999969482422,111.26220016479492,109.56956156799136
2021-05-06,104.11000061035156,110.80160018920898,109.04960338154947
2021-05-07,101.66999816894531,110.19820022583008,108.34678383749194
2021-05-10,94.63999938964844,109.57160018920898,107.04137579484018
2021-05-11,97.8499984741211,108.6352001953125,106.16600652620026
2021-05-12,93.9000015258789,107.75440017700195,104.9978155737887
2021-05-13,87.48999786376953,106.7286001586914,103.33040436331069
2021-05-14,96.87000274658203,106.13280014038087,102.71512801886034
2021-05-17,98.23999786376953,105.72080017089844,102.28892514694692
2021-05-18,101.05999755859375,105.7702001953125,102.17188442424661
2021-05-19,102.45999908447266,105.67140014648437,102.19932391569671
2021-05-20,102.80000305175781,105.66540023803711,102.25653145246444
2021-05-21,102.43000030517578,105.5052001953125,102.2730522955798
2021-05-24,101.18000030517578,105.32900024414063,102.16895210601751
2021-05-25,102.47000122070312,105.14540023803711,102.19762345027328
2021-05-26,103.5999984741211,104.95120025634766,102.33118297635403
2021-05-27,104.0,104.80420028686524,102.49011793098697
2021-05-28,107.18000030517578,104.77140029907227,102.93677339519542
2021-06-01,113.52999877929688,104.86480026245117,103.94565200320508
2021-06-02,111.93000030517578,104.96580032348633,104.70606612720229
2021-06-03,105.23999786376953,104.95080032348633,104.75691676878013
2021-06-04,108.93000030517578,105.215400390625,105.1543532960559
2021-06-07,104.62999725341797,105.39500030517578,105.10441462532849
2021-06-08,107.75,105.60840026855469,105.35637513720197
2021-06-09,107.04000091552734,105.71840026855469,105.51672044942343
2021-06-10,112.20999908447266,105.86160018920899,106.15417555752336
2021-06-11,111.41000366210938,105.9486003112793,106.65473061510298
2021-06-14,115.44999694824219,106.01800018310547,107.4923750277829
2021-06-15,111.11000061035156,106.03180023193359,107.83691079755135
2021-06-16,111.44999694824219,105.97780014038086,108.1810142404743
2021-06-17,114.38999938964844,106.13060012817382,108.77234615944326
2021-06-18,118.37999725341797,106.31520004272461,109.68736054934561
2021-06-21,113.58000183105469,106.47080001831054,110.05808829046076
2021-06-22,110.12999725341797,106.61339996337891,110.06493676312336
2021-06-23,114.36000061035156,106.81199996948243,110.47399046285938
2021-06-24,121.58999633789062,107.18299987792969,111.53265768905283
2021-06-25,124.44999694824219,107.61199981689452,112.76288047564229
2021-06-28,126.8499984741211,108.07939971923828,114.1045107612117
2021-06-29,125.55999755859375,108.47619964599609,115.19550950381952
2021-06-30,121.83999633789062,108.90019958496094,115.82831777373106
2021-07-01,121.11000061035156,109.23919952392578,116.33133518674254
2021-07-02,119.58000183105469,109.4677995300293,116.64073201001035
2021-07-06,108.66000366210938,109.3077995300293,115.88066264354359
2021-07-07,103.9800033569336,109.01819961547852,114.74726652100931
2021-07-08,100.19999694824219,108.61899948120117,113.36181227598388
2021-07-09,106.73999786376953,108.3409994506836,112.73116328434442
2021-07-12,106.9800033569336,108.18819946289062,112.18343376744815
2021-07-13,110.37999725341797,108.17859939575196,112.01167790896908
2021-07-14,108.58999633789062,108.2277993774414,111.68580347362827
2021-07-15,110.12000274658203,108.30339950561523,111.53667959486197
2021-07-16,109.01000213623047,108.38219955444336,111.29604364642088
2021-07-19,108.4800033569336,108.469599609375,111.02784933313637
2021-07-20,111.91999816894531,108.674599609375,111.1128158889277
2021-07-21,115.58000183105469,109.09339965820313,111.53826216913026
2021-07-22,108.66000366210938,109.30959976196289,111.26414231131875
2021-07-23,95.20999908447266,109.33579971313476,109.73517628971436
2021-07-26,87.45999908447266,109.33519973754883,107.61373084159611
2021-07-27,82.7300033569336,109.05239974975586,105.243852033533
2021-07-28,92.55999755859375,108.93879974365234,104.03586589306259
2021-07-29,89.37999725341797,108.70519973754882,102.6400688797631
2021-07-30,85.58000183105469,108.36759979248046,101.01530058940993
2021-08-02,90.37999725341797,108.11919967651367,100.0024145574107
2021-08-03,84.0,107.75059967041015,98.47837507575254
2021-08-04,82.91000366210938,107.38519973754883,96.99567303635796
2021-08-05,80.33999633789062,106.94259963989258,95.4094181126944
2021-08-06,78.68000030517578,106.44419967651368,93.81614022626405
2021-08-09,82.0,106.00419967651368,92.69079353804842
2021-08-10,80.19000244140625,105.46439971923829,91.50024200503489
2021-08-11,80.37000274658203,104.80119979858398,90.44021921851557
2021-08-12,79.94000244140625,104.1613998413086,89.44019857307657
2021-08-13,74.0999984741211,103.53859985351562,87.97922713508082
2021-08-16,69.45999908447266,102.74919982910156,86.21549113026099
2021-08-17,67.77999877929688,102.01219985961914,84.45972995397868
2021-08-18,68.45999908447266,101.22639984130859,82.93594606164478
2021-08-19,64.33000183105469,100.37219985961914,81.16395137301716
2021-08-20,66.54000091552734,99.45879989624024,79.77119418658955
2021-08-23,70.12000274658203,98.63299987792969,78.85203309706503
2021-08-24,78.41000366210938,97.89220001220703,78.80993505564068
2021-08-25,79.62000274658203,97.26240005493165,78.88708435953986
2021-08-26,77.48999786376953,96.58320007324218,78.75402850279983
2021-08-27,75.33000183105469,95.80200012207031,78.42793072453838
2021-08-30,74.12999725341797,94.9170001220703,78.01860372728882
2021-08-31,80.2300033569336,94.25000015258789,78.2292132158264
2021-09-01,84.55999755859375,93.73860015869141,78.83214505799472
2021-09-02,83.7300033569336,93.12600021362304,79.29860775313176
2021-09-03,85.94999694824219,92.41320022583008,79.93207339076133
2021-09-07,91.13999938964844,91.7470002746582,80.99949491446486
2021-09-08,85.80000305175781,90.92600036621094,81.45668616563562
2021-09-09,83.83000183105469,90.09140045166015,81.68271622900886
2021-09-10,83.45999908447266,89.3238005065918,81.85198126286257
2021-09-13,80.52999877929688,88.51220046997071,81.72607816918965
2021-09-14,79.5,87.71060043334961,81.51407072450492
2021-09-15,76.23999786376953,87.06220031738282,81.01177807110155
2021-09-16,72.72000122070312,86.4370002746582,80.22208503773027
2021-09-17,74.44000244140625,85.92180038452149,79.67141050474703
2021-09-20,69.77999877929688,85.18260040283204,78.72937129279939
2021-09-21,70.55999755859375,84.45420028686523,77.95133569906552
2021-09-22,73.77999877929688,83.72220031738281,77.55406551623042
2021-09-23,74.33999633789062,83.03720031738281,77.24796368972187
2021-09-24,70.7300033569336,82.24940032958985,76.62720556278965
2021-09-27,71.36000061035156,81.49640029907226,76.1255669958908
2021-09-28,66.54000091552734,80.65760025024414,75.21265594061808
2021-09-29,64.37999725341797,79.7068002319336,74.18097416088473
2021-09-30,66.16999816894531,78.7186001586914,73.41802406641432
2021-10-01,64.87999725341797,77.84300003051757,72.60487865565275
2021-10-04,61.9900016784668,77.17860008239747,71.59393799115887
2021-10-05,64.5,76.71940010070801,70.91832484914373
2021-10-06,64.2699966430664,76.35019996643067,70.28515073427923
2021-10-07,70.4000015258789,75.90700004577637,70.29608890490776
2021-10-08,70.95999908447266,75.53860008239747,70.3593184458187
2021-10-11,70.55999755859375,75.23819999694824,70.37843074227347
2021-10-12,69.0,74.81060005187989,70.24715162396171
2021-10-13,71.33999633789062,74.55739997863769,70.35123207290732
2021-10-14,69.5199966430664,74.28959983825683,70.27206679387486
2021-10-15,70.08999633789062,74.08459983825684,70.25472675044779
2021-10-18,75.04000091552734,74.01179985046387,70.71046714712203
2021-10-19,80.76000213623047,73.98699989318848,71.66756571751331
2021-10-20,82.41000366210938,74.03139991760254,72.69065504557008
2021-10-21,82.62000274658203,74.07639991760254,73.63630720757122
2021-10-22,82.0999984741211,74.11959983825683,74.44237304248074
2021-10-25,80.97000122070312,74.25699989318848,75.06405191659715
2021-10-26,76.13999938964844,74.390599899292,75.16652310450681
2021-10-27,76.6500015258789,74.56799995422364,75.30780676368511
2021-10-28,76.44999694824219,74.72779991149902,75.41658678126197
2021-10-29,73.30000305175781,74.90719993591308,75.21500737845206
2021-11-01,80.69000244140625,75.19019996643067,75.7364354796858
2021-11-02,77.93000030517578,75.34639991760254,75.94534641544675
2021-11-03,79.19999694824219,75.3621997833252,76.25531313285585
2021-11-04,75.4800033569336,75.27939979553223,76.18147410657754
2021-11-05,74.81999969482422,75.22599983215332,76.05180987688675
2021-11-08,77.33000183105469,75.26599983215333,76.17354244395037
2021-11-09,77.43000030517578,75.33199989318848,76.2932050974004
2021-11-10,81.30999755859375,75.35359977722167,76.77099485560929
2021-11-11,84.83000183105469,75.3589998626709,77.53851932946122
2021-11-12,86.05000305175781,75.40539985656739,78.3491368268228
2021-11-15,85.3499984741211,75.39339988708497,79.01588555513692
2021-11-16,89.0199966430664,75.35099983215332,79.96865803970162
2021-11-17,81.02999877929688,75.2555997467041,80.06973811013927
2021-11-18,67.12000274658203,74.92139976501466,78.83642998027668
2021-11-19,67.12000274658203,74.59459983825684,77.72057976754385
2021-11-22,68.70999908447266,74.35819984436036,76.86242922629897
2021-11-23,69.5,74.15819984436035,76.16124549046097
2021-11-24,72.47000122070312,74.08279991149902,75.8096984171507
2021-11-26,68.79000091552734,74.00419990539551,75.14115579794847
2021-11-29,67.56999969482422,73.86679985046386,74.42009331193664
2021-11-30,66.01000213623047,73.79139991760253,73.61913224758368
2021-12-01,62.54999923706055,73.63119995117188,72.56492910372434
2021-12-02,59.16999816894531,73.33899993896485,71.28922139565015
2021-12-03,54.939998626708984,72.95099998474122,69.7321525605129
2021-12-06,57.0,72.67639991760254,68.51956660236881
2021-12-07,61.15999984741211,72.47239990234375,67.81865548284912
2021-12-08,60.52000045776367,72.35199989318848,67.12354548046002
2021-12-09,59.45000076293945,72.25339996337891,66.39273169783903
2021-12-10,59.130001068115234,72.11260002136231,65.70104306643675
2021-12-13,55.560001373291016,71.92620010375977,64.73522957185145
2021-12-14,52.970001220703125,71.74580009460449,63.61473163364685
2021-12-15,50.709999084472656,71.47000007629394,62.38570948610645
2021-12-16,50.08000183105469,71.18620018005372,61.21373732848247
2021-12-17,49.95000076293945,70.77720016479492,60.14100051271647
2021-12-20,44.13999938964844,70.24080017089844,58.61709564385285
2021-12-21,49.310001373291016,69.81580024719239,57.730705713323154
2021-12-22,47.0,69.37580024719239,56.70873374062571
2021-12-23,45.90999984741211,68.86720031738281,55.680282893652986
2021-12-27,44.59000015258789,68.36860038757324,54.62406548974202
2021-12-28,44.33000183105469,67.85340049743652,53.64367847462894
2021-12-29,42.56999969482422,67.20400047302246,52.589042400361826
2021-12-30,47.7400016784668,66.5436004638672,52.127228998276586
2021-12-31,46.400001525878906,65.82340042114258,51.58177876281014
2022-01-03,44.38999938964844,65.0588003540039,50.89684739393759
2022-01-04,40.41999816894531,64.2252003479004,49.89905222965261
2022-01-05,37.95000076293945,63.36480033874512,48.76104732806088
2022-01-06,39.0099983215332,62.62220031738281,47.83237599410587
2022-01-07,38.439998626708984,61.85800025939941,46.93786386387759
2022-01-10,40.88999938964844,61.14680030822754,46.36187677109386
2022-01-11,41.86000061035156,60.518000259399415,45.933126660546975
2022-01-12,41.70000076293945,59.73820022583008,45.52997181315578
2022-01-13,37.2400016784668,58.9244002532959,44.74045084794731
2022-01-14,38.689998626708984,58.114200286865234,44.16421730306747
2022-01-18,37.9900016784668,57.3644002532959,43.57619676739121
2022-01-19,37.720001220703125,56.62240028381348,43.01846385818283
2022-01-20,39.33000183105469,55.86240028381348,42.667181760361096
2022-01-21,36.08000183105469,55.035400314331056,42.039831290903344
2022-01-24,35.189998626708984,54.11300033569336,41.38746627526578
2022-01-25,34.209999084472656,53.10060028076172,40.70389797138072
2022-01-26,32.11000061035156,52.0218002319336,39.885431556044615
2022-01-27,30.25,50.91980026245117,38.96777140784989
2022-01-28,30.540000915527344,49.75020034790039,38.16512659905726
2022-01-31,35.290000915527344,48.835400390625,37.891305105387744
2022-02-01,35.88999938964844,48.210800323486325,37.70070456103162
2022-02-02,33.689998626708984,47.542200241088864,37.31873256728661
2022-02-03,32.599998474121094,46.82000022888184,36.869329320318464
2022-02-04,33.5099983215332,46.1002001953125,36.54939303471987
2022-02-07,32.310001373291016,45.29700019836426,36.14564144791712
2022-02-08,34.58000183105469,44.612800216674806,35.99653291297784
2022-02-09,36.880001068115234,43.999000244140625,36.08067273727664
2022-02-10,36.47999954223633,43.40840019226074,36.11870386155852
2022-02-11,35.13999938964844,42.8602001953125,36.0254939118528
2022-02-14,34.33000183105469,42.363400268554685,35.86401847558631
2022-02-15,37.119998931884766,42.0070002746582,35.98363566190045
2022-02-16,37.84000015258789,41.62380027770996,36.16043228006116
2022-02-17,36.540000915527344,41.13140029907227,36.196581673915084
2022-02-18,34.279998779296875,40.60660026550293,36.014049969665734
2022-02-22,31.040000915527344,40.03840026855469,35.540331012128746
2022-02-23,30.149999618530273,39.45880023956299,35.026966117500315
2022-02-24,32.130001068115234,38.990200233459475,34.75106468422555
2022-02-25,31.459999084472656,38.56000019073486,34.437629865201465
2022-02-28,31.610000610351562,38.17800022125244,34.168331840930044
2022-03-01,31.200000762939453,37.800400199890134,33.88563364302618
2022-03-02,30.15999984741211,37.40460018157959,33.53081137677722
2022-03-03,27.780000686645508,37.07740020751953,32.983115120574205
2022-03-04,25.459999084472656,36.60040016174317,32.266627879040726
2022-03-07,23.420000076293945,36.12880016326904,31.42409189782675
2022-03-08,22.700000762939453,35.66460018157959,30.593226075456528
2022-03-09,25.239999771118164,35.2776001739502,30.083394998852874
2022-03-10,21.68000030517578,34.82460014343262,29.283071694693152
2022-03-11,19.020000457763672,34.35360015869141,28.305636338795107
2022-03-14,16.959999084472656,33.738000106811526,27.225099457431064
2022-03-15,18.860000610351562,33.18720008850098,26.42842337675683
2022-03-16,27.829999923706055,32.856000099182125,26.56190685741866
2022-03-17,23.84000015258789,32.52440013885498,26.302677647434777
2022-03-18,27.549999237060547,32.316400108337405,26.42147017978009
2022-03-21,24.90999984741211,32.03440013885498,26.277520624316473
2022-03-22,29.899999618530273,31.863600158691405,26.622518623765405
2022-03-23,31.530000686645508,31.676400184631348,27.089897867849224
2022-03-24,30.309999465942383,31.445400161743166,27.39657421052476
2022-03-25,27.530000686645508,31.162000160217286,27.409281493964833
2022-03-28,28.540000915527344,30.988000144958495,27.516969057923166
2022-03-29,29.719999313354492,30.808600158691405,27.72678146320234
2022-03-30,28.219999313354492,30.613200111389162,27.773754591788258
2022-03-31,25.579999923706055,30.37040008544922,27.56482557578043
2022-04-01,27.6200008392334,30.136200065612794,27.570080362775947
2022-04-04,32.189998626708984,30.05840000152588,28.010072578388616
2022-04-05,30.15999984741211,29.957800025939942,28.21482755639085
2022-04-06,30.020000457763672,29.874000053405762,28.386748785093022
2022-04-07,27.610000610351562,29.784000053405762,28.31277276845098
2022-04-08,25.709999084472656,29.693200035095217,28.064889560453043
2022-04-11,27.56999969482422,29.633800010681153,28.017757192297918
2022-04-12,24.940000534057617,29.426800003051756,27.724637510560743
2022-04-13,26.239999771118164,29.23380001068115,27.58324344013764
2022-04-14,24.940000534057617,29.058800048828125,27.331506020510968
2022-04-18,23.34000015258789,28.87360008239746,26.951362604518295
2022-04-19,24.100000381469727,28.685400123596192,26.67980429756129
2022-04-20,22.190000534057617,28.483000106811524,26.25220393913237
2022-04-21,21.0,28.21140007019043,25.751994040167386
2022-04-22,21.079999923706055,27.895400047302246,25.30704221955202
2022-04-25,21.25,27.59080005645752,24.92065724626135
2022-04-26,20.56999969482422,27.299400062561034,24.506308908029244
2022-04-27,22.229999542236328,27.05740001678467,24.28951753985849
2022-04-28,22.170000076293945,26.75840003967285,24.087658733804723
2022-04-29,24.34000015258789,26.48840003967285,24.11169124987931
2022-05-02,24.459999084472656,26.246800003051757,24.144863424602487
2022-05-03,23.389999389648438,26.029000015258788,24.072971611749722
2022-05-04,24.06999969482422,25.889599990844726,24.07268857204253
2022-05-05,21.5,25.71659999847412,23.827670612800386
2022-05-06,20.850000381469727,25.49099998474121,23.544082971721274
2022-05-09,18.799999237060547,25.237799987792968,23.09226547318216
2022-05-10,19.15999984741211,24.98879997253418,22.717763985013583
2022-05-11,18.850000381469727,24.741799964904786,22.349405546580837
2022-05-12,18.90999984741211,24.516799964904784,22.021843099040957
2022-05-13,20.600000381469727,24.37319995880127,21.886429506891318
2022-05-16,20.6299991607666,24.276599960327147,21.766769473927056
2022-05-17,21.1299991607666,24.230799942016603,21.70612468219749
2022-05-18,20.75,24.191799926757813,21.61506518865487
2022-05-19,21.59000015258789,24.11879993438721,21.612678042362777
2022-05-20,21.799999237060547,24.121199913024903,21.630518156143516
2022-05-23,21.229999542236328,24.165399894714355,21.59237352624759
2022-05-24,18.690000534057617,24.199999923706056,21.315957050800925
2022-05-25,19.270000457763672,24.208199920654298,21.121104041940235
2022-05-26,20.940000534057617,24.070399932861328,21.103856088808556
2022-05-27,21.25,24.01859992980957,21.11777455654107
2022-05-31,22.350000381469727,23.914599952697753,21.235129397010468
2022-06-01,22.540000915527344,23.867199974060057,21.359402874964456
2022-06-02,25.0,23.769199981689454,21.706126410682124
2022-06-03,24.170000076293945,23.62199996948242,21.9407810455023
2022-06-06,25.489999771118164,23.525599975585937,22.278801876513334
2022-06-07,28.030000686645508,23.53559997558594,22.826535096525923
2022-06-08,29.709999084472656,23.558999938964845,23.482103095377994
2022-06-09,25.31999969482422,23.470999946594237,23.657140866753828
2022-06-10,26.100000381469727,23.428599967956544,23.889794153869627
2022-06-13,23.489999771118164,23.386799964904785,23.851718498369486
2022-06-14,25.809999465942383,23.350599937438965,24.038221447662142
2022-06-15,26.950000762939453,23.245799980163575,24.315533763402836
2022-06-16,25.829999923706055,23.159199981689454,24.459768635812665
2022-06-17,26.31999969482422,23.085199966430665,24.636933498575672
2022-06-21,27.540000915527344,23.08379997253418,24.913416109713925
2022-06-22,26.59000015258789,23.101399993896486,25.073090780463826
2022-06-23,27.850000381469727,23.107000007629395,25.33755836151201
2022-06-24,27.809999465942383,23.16439998626709,25.57302894288633
2022-06-27,28.200000762939453,23.203600006103514,25.823216735272343
2022-06-28,27.229999542236328,23.24939998626709,25.957196050221295
2022-06-29,26.059999465942383,23.30379997253418,25.96698685171854
2022-06-30,25.600000381469727,23.33379997253418,25.93203575931389
2022-07-01,26.739999771118164,23.42479995727539,26.008984712819057
2022-07-05,27.709999084472656,23.558999938964845,26.17098608154797
2022-07-06,26.209999084472656,23.661599922180176,26.174701605636034
2022-07-07,27.959999084472656,23.79579990386963,26.344729936953808
2022-07-08,26.780000686645508,23.919999923706055,26.386184294067302
2022-07-11,24.110000610351562,23.95759994506836,26.169404895618186
2022-07-12,24.25,23.99919994354248,25.986604429368835
2022-07-13,24.6200008392334,24.00479995727539,25.85645170649879
2022-07-14,23.09000015258789,23.977399978637695,25.59298012993585
2022-07-15,22.8799991607666,23.96719997406006,25.33460099001497
2022-07-18,24.43000030517578,23.97439998626709,25.24844854383981
2022-07-19,25.520000457763672,24.054799995422364,25.27431063088018
2022-07-20,25.360000610351562,24.145,25.282471581306027
2022-07-21,26.989999771118164,24.308800010681153,25.445093313669087
2022-07-22,25.59000015258789,24.437400016784668,25.458893964994687
2022-07-25,25.899999618530273,24.57840000152588,25.50090402723617
2022-07-26,24.959999084472656,24.69939998626709,25.449389270782504
2022-07-27,26.079999923706055,24.808999977111817,25.509447428203796
2022-07-28,25.40999984741211,24.904599990844726,25.499976230033162
2022-07-29,24.440000534057617,24.97080001831055,25.399026163749777
2022-08-01,23.31999969482422,25.02220001220703,25.201023642899724
2022-08-02,23.809999465942383,25.06659999847412,25.06854514985617
2022-08-03,24.399999618530273,25.118600006103517,25.00487414687275
2022-08-04,24.989999771118164,25.19380001068115,25.00345753965803
2022-08-05,24.579999923706055,25.311599998474122,24.9631282429007
2022-08-08,24.649999618530273,25.419199981689452,24.933306469151137
2022-08-09,24.110000610351562,25.482599983215334,24.854896387360704
2022-08-10,24.270000457763672,25.542999992370607,24.799192013113366
2022-08-11,25.209999084472656,25.600199966430665,24.838316496099964
2022-08-12,25.399999618530273,25.657399940490723,24.891810126807613
2022-08-15,25.270000457763672,25.662799949645997,24.92782825356533
2022-08-16,24.600000381469727,25.67139995574951,24.896606551460987
2022-08-17,23.84000015258789,25.638399963378905,24.795977370615933
2022-08-18,23.25,25.542799949645996,24.648741430557273
2022-08-19,22.559999465942383,25.39979995727539,24.449813624403472
2022-08-22,23.170000076293945,25.356799964904784,24.32792661982161
2022-08-23,23.739999771118164,25.309599952697752,24.27193358661176
2022-08-24,24.40999984741211,25.327999954223632,24.28508275430703
2022-08-25,27.360000610351562,25.358999977111818,24.577932073930317
2022-08-26,25.239999771118164,25.324799957275392,24.640986140329158
2022-08-29,23.950000762939453,25.28719997406006,24.575178009149187
2022-08-30,23.149999618530273,25.22379997253418,24.439446733852147
2022-08-31,24.959999084472656,25.172199935913085,24.48902314819696
2022-09-01,24.799999237060547,25.13639991760254,24.51863991856492
2022-09-02,23.579999923706055,25.050999908447267,24.429245633340265
2022-09-06,22.510000228881836,24.944999923706053,24.246460356725176
2022-09-07,23.6200008392334,24.853399925231933,24.186797545535484
2022-09-08,20.06999969482422,24.710199928283693,23.794721559753455
2022-09-09,19.31999969482422,24.575399932861327,23.368557572617338
2022-09-12,20.149999618530273,24.46639991760254,23.062028243656666
2022-09-13,18.489999771118164,24.301399917602538,22.626596960557762
2022-09-14,18.459999084472656,24.11639991760254,22.229778115216323
2022-09-15,18.170000076293945,23.955599937438965,21.843132587699905
2022-09-16,17.059999465942383,23.73759994506836,21.387596099913477
2022-09-19,17.190000534057617,23.5457999420166,20.98782509364149
2022-09-20,16.719999313354492,23.39799991607666,20.58136549551892
2022-09-21,16.239999771118164,23.237799911499025,20.16790209319504
2022-09-22,16.450000762939453,23.074399909973145,19.813816252218317
2022-09-23,16.18000030517578,22.936199913024904,19.467738542976168
2022-09-26,16.09000015258789,22.80039993286133,19.146049172462998
2022-09-27,16.0,22.63179992675781,18.84642544175224
2022-09-28,16.18000030517578,22.444999923706053,18.592480190649717
2022-09-29,15.25,22.242799911499024,18.274148743921174
2022-09-30,15.319999694824219,22.009399909973144,17.99280121543575
2022-10-03,15.59000015258789,21.809399909973145,17.76396301897405
2022-10-04,17.0,21.63139991760254,17.691204636214618
2022-10-05,16.75,21.467199935913087,17.601566099432272
2022-10-06,16.079999923706055,21.267199935913087,17.456655035077393
2022-10-07,15.449999809265137,21.067999935150148,17.265545013571465
2022-10-10,13.800000190734863,20.855199928283692,16.935493125682264
2022-10-11,12.800000190734863,20.644799938201903,16.541636655687274
2022-10-12,12.489999771118164,20.41839994430542,16.1557664762045
2022-10-13,11.869999885559082,20.167799949645996,15.747598229476367
2022-10-14,11.180000305175781,19.89159996032715,15.312588903352502
2022-10-17,12.09000015258789,19.641799964904784,15.005675688993968
2022-10-18,12.279999732971191,19.394399967193603,14.746087502706084
2022-10-19,11.029999732971191,19.132799949645996,14.392174381778952
2022-10-20,11.069999694824219,18.86879993438721,14.075776792545168
2022-10-21,11.050000190734863,18.58559995651245,13.787607592372758
2022-10-24,9.1899995803833,18.26139995574951,13.349740162659478
2022-10-25,9.930000305175781,17.954599952697755,13.024050652422936
2022-10-26,10.479999542236328,17.672199935913085,12.781760070500402
2022-10-27,9.520000457763672,17.3857999420166,12.471116297858808
2022-10-28,8.949999809265137,17.099799938201905,12.135771870373697
2022-10-31,8.920000076293945,16.826999950408936,11.829507889985148
2022-11-01,9.229999542236328,16.548199939727784,11.581935666390022
2022-11-02,9.260000228881836,16.258599948883056,11.36079895805591
2022-11-03,9.529999732971191,15.960999946594239,11.186437127095461
2022-11-04,11.710000038146973,15.647999935150146,11.23630026148132
2022-11-07,11.819999694824219,15.379599933624268,11.291890683704452
2022-11-08,11.5600004196167,15.131799926757813,11.317424944267522
2022-11-09,10.170000076293945,14.872199935913086,11.208146385412896
2022-11-10,11.710000038146973,14.607199954986573,11.25594197138757
2022-11-11,12.670000076293945,14.36459997177124,11.390614171854844
2022-11-14,12.880000114440918,14.150599975585937,11.532460452101137
2022-11-15,16.280000686645508,14.025999984741212,11.984607141105363
2022-11-16,15.460000038146973,13.862799968719482,12.315596940823612
2022-11-17,15.789999961853027,13.777199974060059,12.646492466635937
2022-11-18,14.720000267028809,13.68519998550415,12.843969400006687
2022-11-21,13.520000457763672,13.552600002288818,12.908353310269257
2022-11-22,13.149999618530273,13.44579999923706,12.931367244389353
2022-11-23,13.279999732971191,13.342200012207032,12.964570338540003
2022-11-25,12.329999923706055,13.225400009155273,12.90413506093677
2022-11-28,12.59000015258789,13.136000022888183,12.874217450617829
2022-11-29,15.399999618530273,13.100200004577637,13.114768133276158
2022-11-30,17.360000610351562,13.113000030517577,13.51907598823572
2022-12-01,17.020000457763672,13.128600044250488,13.852497366286002
2022-12-02,19.84000015258789,13.196400032043456,14.422735726886183
2022-12-05,19.690000534057617,13.266600036621094,14.924379994235844
2022-12-06,20.559999465942383,13.356000022888184,15.461105658207895
2022-12-07,21.719999313354492,13.470400009155274,16.057190768221858
2022-12-08,23.399999618530273,13.614799995422363,16.75650589682266
2022-12-09,25.40999984741211,13.817999992370606,17.58064817783118
2022-12-12,23.0,13.97159999847412,18.096776922799638
2022-12-13,24.09000015258789,14.14159999847412,18.667560087541375
2022-12-14,24.59000015258789,14.293400001525878,19.231601998498185
2022-12-15,22.5,14.408400001525878,19.542877998641213
2022-12-16,23.010000228881836,14.547000007629395,19.87308011580699
2022-12-19,21.65999984741211,14.671200008392335,20.04326294738843
2022-12-20,22.18000030517578,14.838800010681153,20.24676174336818
2022-12-21,23.34000015258789,15.049600009918214,20.54135587757958
2022-12-22,23.600000381469727,15.271800022125245,20.832655354140545
2022-12-23,23.170000076293945,15.497800025939942,21.05525961339325
2022-12-27,24.75,15.769200019836425,21.40713965021294
2022-12-28,22.760000228881836,15.982600021362305,21.535983514848073
2022-12-29,24.290000915527344,16.22280004501343,21.798270886341335
2022-12-30,23.690000534057617,16.476000061035155,21.978435614695268
2023-01-03,27.0,16.79460006713867,22.45667984186715
2023-01-04,28.31999969482422,17.14000005722046,23.01509125643449
2023-01-05,29.200000762939453,17.540200080871582,23.604130257054013
2023-01-06,28.649999618530273,17.91460006713867,24.084689243861277
2023-01-09,27.0,18.245000076293945,24.362337887303063
2023-01-10,27.5,18.604600067138673,24.66116285041706
2023-01-11,26.940000534057617,18.964400081634523,24.878195010763783
2023-01-12,26.68000030517578,19.31960008621216,25.049795514993495
2023-01-13,27.969999313354492,19.694400081634523,25.327910162456448
2023-01-17,26.540000915527344,20.040000095367432,25.443347377034627
2023-01-18,25.43000030517578,20.358000106811524,25.442076227333786
2023-01-19,24.649999618530273,20.61680009841919,25.36664035982869
2023-01-20,25.389999389648438,20.888200092315675,25.368865029335332
2023-01-23,26.18000030517578,21.180600090026857,25.446116007986802
2023-01-24,25.639999389648438,21.490000076293946,25.464581091954578
2023-01-25,25.90999984741211,21.774000072479247,25.50700192580768
2023-01-26,28.020000457763672,22.08100008010864,25.7463351193273
2023-01-27,27.780000686645508,22.379000091552733,25.940017554309986
2023-01-30,25.31999969482422,22.55980007171631,25.88096823435896
2023-01-31,25.0,22.750600070953368,25.797066497753345
2023-02-01,26.25,22.95980007171631,25.840203021776837
2023-02-02,25.65999984741211,23.178600063323973,25.823040814694483
2023-02-03,24.329999923706055,23.39480005264282,25.680846444124157
2023-02-06,23.329999923706055,23.59840005874634,25.45695629932243
2023-02-07,23.270000457763672,23.79820007324219,25.24867479060255
2023-02-08,22.459999084472656,24.00080005645752,24.983086628113988
2023-02-09,22.420000076293945,24.19740005493164,24.73898314698827
2023-02-10,21.6200008392334,24.321800079345703,24.44193721291638
2023-02-13,22.40999984741211,24.422800064086914,24.24841936858264
2023-02-14,22.469999313354492,24.531800041198732,24.07904602998948
2023-02-15,22.649999618530273,24.588000030517577,23.94294637175527
2023-02-16,22.75,24.649200019836425,23.829332431588103
2023-02-17,22.049999237060547,24.67900001525879,23.65987212734738
2023-02-21,21.5,24.674600028991698,23.454170019980964
2023-02-22,21.889999389648438,24.64440002441406,23.305201388520725
2023-02-23,22.049999237060547,24.57720001220703,23.185658326476897
2023-02-24,20.469999313354492,24.526599998474122,22.927024134750955
2023-02-27,20.040000915527344,24.44560001373291,22.652069542443947
2023-02-28,19.299999237060547,24.339799995422364,22.332824751455053
2023-03-01,19.670000076293945,24.28319999694824,22.079222401439708
2023-03-02,21.56999969482422,24.25439998626709,22.030725000809664
2023-03-03,22.610000610351562,24.27340000152588,22.08589410648032
2023-03-06,21.6299991607666,24.262399978637696,22.042475540221872
2023-03-07,20.549999237060547,24.20659996032715,21.900334939920793
2023-03-08,20.239999771118164,24.13939994812012,21.74220778098721
2023-03-09,18.6200008392334,24.048399963378905,21.44485473891542
2023-03-10,19.729999542236328,23.947999954223633,21.281535196374556
2023-03-13,21.100000381469727,23.91479995727539,21.26424616638362
2023-03-14,21.5,23.858999938964843,21.286698912442326
2023-03-15,21.09000015258789,23.80699993133545,21.267965697218095
2023-03-16,22.34000015258789,23.713799934387207,21.370064216777124
2023-03-17,22.18000030517578,23.590999946594238,21.447200987100807
2023-03-20,23.6299991607666,23.479599914550782,21.65508652744993
2023-03-21,23.15999984741211,23.36979991912842,21.798411605541567
2023-03-22,22.780000686645508,23.285399932861328,21.89189627993242
2023-03-23,24.209999084472656,23.21959991455078,22.11266797560292
2023-03-24,23.899999618530273,23.158799896240236,22.2828900368341
2023-03-27,24.389999389648438,23.11299987792969,22.483567118054513
2023-03-28,25.09000015258789,23.055399894714355,22.731798835629117
2023-03-29,24.709999084472656,23.01879985809326,22.9201988593285
2023-03-30,25.030000686645508,23.010799865722657,23.121132366692024
2023-03-31,23.5,22.98779987335205,23.15721499843564
2023-04-03,22.690000534057617,22.933799896240235,23.112718382780592
2023-04-04,21.65999984741211,22.84339988708496,22.974364236555022
2023-04-05,21.260000228881836,22.75579990386963,22.81109147391948
2023-04-06,21.510000228881836,22.667799911499024,22.687178022011132
2023-04-10,20.940000534057617,22.526199913024904,22.52078016601556
2023-04-11,21.739999771118164,22.405399894714357,22.446420128406285
2023-04-12,20.290000915527344,22.304799919128417,22.24104687003686
2023-04-13,21.399999618530273,22.232799911499022,22.16094713179814
2023-04-14,20.899999618530273,22.12579990386963,22.040856892439294
2023-04-17,21.729999542236328,22.047199897766113,22.011251430515202
2023-04-18,21.59000015258789,21.99239990234375,21.971132261188792
2023-04-19,20.959999084472656,21.94499988555908,21.8748338634063
2023-04-20,20.31999969482422,21.885999870300292,21.726754418779436
2023-04-21,20.3799991607666,21.844399871826173,21.598492013254404
2023-04-24,19.8799991607666,21.793599853515627,21.434826027303185
2023-04-25,19.280000686645508,21.746799850463866,21.229604566288167
2023-04-26,19.850000381469727,21.69559986114502,21.098213691543553
2023-04-27,20.040000915527344,21.646999893188475,20.997431522399154
2023-04-28,20.360000610351562,21.601199913024903,20.93672381648986
2023-05-01,20.229999542236328,21.550799903869628,20.86941674275143
2023-05-02,18.790000915527344,21.485599937438966,20.67137714015866
2023-05-03,19.110000610351562,21.437799949645996,20.522674613510365
2023-05-04,19.8799991607666,21.39759994506836,20.461467427534767
2023-05-05,20.25,21.361599960327148,20.441327672531454
2023-05-08,19.979999542236328,21.351799964904785,20.397391660122395
2023-05-09,19.40999984741211,21.339199943542482,20.30335434462618
2023-05-10,18.8799991607666,21.3307999420166,20.167796708068124
2023-05-11,19.100000381469727,21.319399948120118,20.066101819820656
2023-05-12,18.209999084472656,21.252199935913087,19.889330130739896
2023-05-15,19.579999923706055,21.191599922180174,19.85987011102239
2023-05-16,19.010000228881836,21.13919994354248,19.778930122247097
2023-05-17,18.56999969482422,21.099599952697755,19.663793891063964
2023-05-18,18.25,21.05979995727539,19.529146853819775
2023-05-19,18.200000762939453,21.051399955749513,19.402561511831173
2023-05-22,18.799999237060547,21.032799949645995,19.345174628519686
2023-05-23,18.0,20.9707999420166,19.21706275913686
2023-05-24,17.290000915527344,20.88659996032715,19.033533059745476
2023-05-25,16.549999237060547,20.7957999420166,18.79700602901358
2023-05-26,16.889999389648438,20.686799926757814,18.615386349074043
2023-05-30,16.56999969482422,20.57459991455078,18.42058762009787
2023-05-31,15.65999984741211,20.41519992828369,18.1576744988897
2023-06-01,15.869999885559082,20.26939992904663,17.939800726191546
2023-06-02,15.319999694824219,20.120199909210204,17.690295866061327
2023-06-05,14.970000267028809,19.93539993286133,17.431220094724896
2023-06-06,15.8100004196167,19.773599948883056,17.276818220905067
2023-06-07,15.670000076293945,19.599199962615966,17.123787921418295
2023-06-08,15.90999984741211,19.41559995651245,17.00818905722723
2023-06-09,16.110000610351562,19.24359998703003,16.92264730038193
2023-06-12,16.290000915527344,19.068799991607666,16.862395263729113
2023-06-13,16.8700008392334,18.936200008392333,16.863119604253328
2023-06-14,17.600000381469727,18.834400005340576,16.933298725892985
2023-06-15,18.299999237060547,18.767199993133545,17.063460679337517
2023-06-16,17.469999313354492,18.691399974823,17.10217864448199
2023-06-20,15.970000267028809,18.580599975585937,16.994352132343593
2023-06-21,15.5600004196167,18.47299997329712,16.857747207321985
2023-06-22,15.369999885559082,18.345599975585937,16.716056986201707
2023-06-23,14.9399995803833,18.238599948883056,16.54690866183805
2023-06-26,14.989999771118164,18.110399951934813,16.39863162462663
2023-06-27,15.550000190734863,18.003399963378907,16.317809583303607
2023-06-28,15.3100004196167,17.874999980926514,16.221827758190567
2023-06-29,14.930000305175781,17.74179998397827,16.09879657218916
2023-06-30,15.100000381469727,17.62460000991821,16.00367312545397
2023-07-03,15.729999542236328,17.532800006866456,15.97760897467134
2023-07-05,15.260000228881836,17.43040002822876,15.909265284596149
2023-07-06,14.550000190734863,17.323800048828126,15.779811466133168
2023-07-07,14.899999618530273,17.23620002746582,15.69601986159956
2023-07-10,14.890000343322754,17.137000026702882,15.61925609795415
2023-07-11,15.5,17.046200008392333,15.607898374339468
2023-07-12,16.700000762939453,16.973000011444093,15.711908125634706
2023-07-13,17.540000915527344,16.919200038909914,15.886012200862577
2023-07-14,16.739999771118164,16.87820001602173,15.967344350410729
2023-07-17,16.639999389648438,16.828799991607667,16.031406735100035
2023-07-18,15.5600004196167,16.742400016784668,15.986510895530193
2023-07-19,15.75,16.652400016784668,15.963986048336842
2023-07-20,15.369999885559082,16.560200023651124,15.907415937596104
2023-07-21,15.460000038146973,16.48120002746582,15.86480489955333
2023-07-24,17.100000381469727,16.445600051879882,15.982442564497749
2023-07-25,16.950000762939453,16.40260005950928,16.07459096434934
2023-07-26,17.3799991607666,16.386000061035155,16.19891555448432
2023-07-27,16.200000762939453,16.318400077819824,16.199018907670524
2023-07-28,18.670000076293945,16.311600074768066,16.434350447539423
2023-07-31,19.06999969482422,16.321600074768067,16.685364661566545
2023-08-01,17.809999465942383,16.312800064086915,16.792472738173768
2023-08-02,16.899999618530273,16.28680004119873,16.802713393445813
2023-08-03,18.420000076293945,16.2792000579834,16.956740696574208
2023-08-04,18.15999984741211,16.282400054931642,17.07133680617782
2023-08-07,17.719999313354492,16.291000022888184,17.133114187813693
2023-08-08,17.280000686645508,16.305600051879882,17.147103378178628
2023-08-09,17.1200008392334,16.31020008087158,17.144522183993367
2023-08-10,16.950000762939453,16.317800102233885,17.125996334369184
2023-08-11,16.030000686645508,16.325200119018554,17.02161579649074
2023-08-14,16.389999389648438,16.33560010910034,16.961461852981948
2023-08-15,15.640000343322754,16.342000122070313,16.835608375871548
2023-08-16,15.239999771118164,16.3474001121521,16.68364565160932
2023-08-17,15.350000381469727,16.33820011138916,16.556631816357932
2023-08-18,14.369999885559082,16.312200107574462,16.34838115628185
2023-08-21,14.739999771118164,16.288800106048583,16.19520197674245
2023-08-22,14.600000381469727,16.258600101470947,16.043278015287903
2023-08-23,14.850000381469727,16.229800090789794,15.929632526352838
2023-08-24,14.930000305175781,16.191000080108644,15.83442945766931
2023-08-25,14.5600004196167,16.13020008087158,15.713055263569062
2023-08-28,14.779999732971191,16.059800090789796,15.624192832083551
2023-08-29,15.819999694824219,16.02680009841919,15.64284110472552
2023-08-30,15.529999732971191,16.018000087738038,15.632094307415583
2023-08-31,15.130000114440918,16.00940008163452,15.584275812846567
2023-09-01,15.579999923706055,16.01360008239746,15.583868585309375
2023-09-05,15.210000038146973,16.019000091552734,15.548262057008195
2023-09-06,15.34000015258789,16.026000099182127,15.528427589920547
2023-09-07,14.300000190734863,16.00100009918213,15.411434504283815
2023-09-08,13.5600004196167,15.966000099182128,15.235107448601234
2023-09-11,14.050000190734863,15.94840009689331,15.122240090709198
2023-09-12,14.109999656677246,15.92860008239746,15.025836239849012
2023-09-13,13.8100004196167,15.89020009994507,14.910042352207839
2023-09-14,13.930000305175781,15.863600101470947,14.81670501439526
2023-09-15,13.800000190734863,15.848600101470947,14.71987598357046
2023-09-18,13.670000076293945,15.824000110626221,14.619887801925078
2023-09-19,13.600000381469727,15.79820011138916,14.522755666643617
2023-09-20,13.399999618530273,15.756200103759765,14.41582651920425
2023-09-21,12.930000305175781,15.680800094604493,14.274319260725347
2023-09-22,13.649999618530273,15.603000068664551,14.214860247182958
2023-09-25,13.430000305175781,15.536800079345703,14.140111681277512
2023-09-26,13.380000114440918,15.471600093841552,14.067720103483552
2023-09-27,13.550000190734863,15.431400089263915,14.018413445126534
2023-09-28,13.520000457763672,15.38680009841919,13.970945541568165
2023-09-29,13.770000457763672,15.354800109863282,13.951807914539165
2023-10-02,13.630000114440918,15.31820011138916,13.921159552625047
2023-10-03,13.5,15.246200103759765,13.881049119041709
2023-10-04,13.3100004196167,15.17340009689331,13.826663528620278
2023-10-05,13.140000343322754,15.088600120544434,13.761267034782419
2023-10-06,13.569999694824219,15.036000099182129,13.743051097643542
2023-10-09,13.279999732971191,14.928200092315674,13.698950967674746
2023-10-10,14.329999923706055,14.83340009689331,13.759050868249156
2023-10-11,14.649999618530273,14.770200099945068,13.843903130180692
2023-10-12,13.970000267028809,14.71160011291504,13.855912381309084
2023-10-13,13.65999984741211,14.616400108337402,13.837254044747468
2023-10-16,13.619999885559082,14.525600109100342,13.81656317244381
2023-10-17,13.4399995803833,14.440000114440918,13.780699973199953
2023-10-18,12.869999885559082,14.35180009841919,13.693966631519869
2023-10-19,12.710000038146973,14.263600082397462,13.600255527389116
2023-10-20,12.510000228881836,14.174800071716309,13.496421689436042
2023-10-23,12.640000343322754,14.107000064849853,13.414857751710967
2023-10-24,13.569999694824219,14.050600070953369,13.42963317486461
2023-10-25,13.039999961853027,13.998600063323975,13.39252524981589
2023-10-26,13.25,13.958800067901612,13.37895141650009
2023-10-27,13.300000190734863,13.917800064086913,13.371432252141497
2023-10-30,13.880000114440918,13.90800006866455,13.419867286646205
2023-10-31,13.430000305175781,13.881800079345703,13.420832336029974
2023-11-01,13.199999809265137,13.853800067901611,13.399800666814276
2023-11-02,13.859999656677246,13.834000053405761,13.44362914203932
2023-11-03,14.6899995803833,13.829200038909912,13.562331088548271
2023-11-06,14.539999961853027,13.828800029754639,13.655442409815391
2023-11-07,14.399999618530273,13.82120002746582,13.726352620169191
2023-11-08,14.550000190734863,13.795800037384033,13.804795245937349
2023-11-09,14.199999809265137,13.769200038909911,13.84243377577809
2023-11-10,14.15999984741211,13.749800033569336,13.87267816355276
2023-11-13,14.350000381469727,13.725200042724609,13.918137422401994
2023-11-14,14.789999961853027,13.71680004119873,14.001171949968759
2023-11-15,15.199999809265137,13.714000034332276,14.115346031806508
2023-11-16,14.039999961853027,13.708800029754638,14.108170215620463
2023-11-17,13.989999771118164,13.717400016784667,14.096915887572624
2023-11-20,14.569999694824219,13.727800006866454,14.141971488263252
2023-11-21,14.15999984741211,13.728800010681152,14.143688474848858
2023-11-22,14.010000228881836,13.732800006866455,14.130956260947237
2023-11-24,14.140000343322754,13.737000007629394,14.131817602125857
2023-11-27,13.6899995803833,13.734799995422364,14.089739695293233
2023-11-28,13.34000015258789,13.728199996948241,14.018335929321294
2023-11-29,11.859999656677246,13.693399982452393,13.812780093831385
2023-11-30,11.329999923706055,13.651999988555907,13.576324839533735
2023-12-01,11.510000228881836,13.62359998703003,13.37953201947165
2023-12-04,11.529999732971191,13.581199989318847,13.203386087423988
2023-12-05,11.40999984741211,13.540799980163575,13.032587397899047
2023-12-06,11.739999771118164,13.50799997329712,12.909483814396106
2023-12-07,12.0,13.476999969482423,12.822866308263142
2023-12-08,11.930000305175781,13.445199966430664,12.737831450826251
2023-12-11,12.220000267028809,13.414199962615967,12.688514195226494
2023-12-12,12.279999732971191,13.387199954986572,12.649608055964084
2023-12-13,12.210000038146973,13.361399955749512,12.607740625695788
2023-12-14,12.010000228881836,13.335399951934814,12.550812968856365
2023-12-15,11.960000038146973,13.311799945831298,12.494545070693565
2023-12-18,11.40999984741211,13.268599948883057,12.391255049428665
2023-12-19,11.789999961853027,13.238799953460694,12.333992660135745
2023-12-20,11.0,13.172199954986572,12.206945740122817
2023-12-21,11.569999694824219,13.110599956512452,12.146284211999141
2023-12-22,11.0,13.051199951171874,12.037114287046842
2023-12-26,11.220000267028809,13.002399959564208,11.959293904187982
2023-12-27,11.119999885559082,12.95239995956421,11.879361140509038
2023-12-28,11.84000015258789,12.920399971008301,11.875612474992739
2023-12-29,12.170000076293945,12.906399974822998,11.903649389402378
2024-01-02,11.609999656677246,12.884399967193604,11.875682748190462
2024-01-03,12.069999694824219,12.87559995651245,11.894189124060343
2024-01-04,11.6899995803833,12.856599941253663,11.874742500853005
2024-01-05,11.119999885559082,12.80759994506836,11.802862251777393
2024-01-08,11.119999885559082,12.76919994354248,11.737827740708983
2024-01-09,10.850000381469727,12.721199951171876,11.653272754114768
2024-01-10,10.779999732971191,12.670799942016602,11.570103894958237
2024-01-11,10.899999618530273,12.611199932098389,11.506284440060336
2024-01-12,10.649999618530273,12.555599918365479,11.42473350467652
2024-01-16,10.039999961853027,12.492399921417237,11.292854119645712
2024-01-17,9.8100004196167,12.411399936676025,11.151629957738187
2024-01-18,9.699999809265137,12.311599941253663,11.01337946740742
2024-01-19,9.40999984741211,12.208999938964844,10.860676646455486
2024-01-22,9.210000038146973,12.105199947357178,10.703469350426102
2024-01-23,10.050000190734863,12.015199947357178,10.641234192360269
2024-01-24,10.010000228881836,11.931399955749512,10.581116672028989
2024-01-25,9.640000343322754,11.840999965667725,10.491486545485538
2024-01-26,9.550000190734863,11.744999961853027,10.401821178366426
2024-01-29,9.420000076293945,11.637599964141845,10.308314406740475
2024-01-30,8.979999542236328,11.51319995880127,10.181808229168652
2024-01-31,9.069999694824219,11.413799953460693,10.07592170208823
2024-02-01,9.350000381469727,11.320999965667724,10.006786338219802
2024-02-02,8.9399995803833,11.208399963378906,9.905187599378232
2024-02-05,9.09000015258789,11.106999969482422,9.827550699683915
2024-02-06,10.199999809265137,11.030799961090088,9.863022043453554
2024-02-07,9.739999771118164,10.942799949645996,9.851305636564469
2024-02-08,9.729999542236328,10.863599948883056,9.839752675199884
2024-02-09,9.880000114440918,10.794399948120118,9.843585764651412
2024-02-12,10.199999809265137,10.761199951171875,9.877529959376528
2024-02-13,9.630000114440918,10.727199954986572,9.853955688430279
2024-02-14,10.029999732971191,10.69759994506836,9.870721787910366
2024-02-15,10.140000343322754,10.66979995727539,9.896367364616307
2024-02-16,10.359999656677246,10.648799953460694,9.940522821003063
2024-02-20,10.199999809265137,10.617999954223633,9.96523491512326
2024-02-21,10.3100004196167,10.584199962615967,9.998069725075016
2024-02-22,10.279999732971191,10.551199951171874,10.02492020201751
2024-02-23,10.020000457763672,10.507199954986572,10.024451654945716
2024-02-26,10.130000114440918,10.464199962615966,10.034503889183355
2024-02-27,10.3100004196167,10.426199970245362,10.06074165398653
2024-02-28,9.670000076293945,10.379399967193603,10.02352817039676
2024-02-29,9.680000305175781,10.33379997253418,9.990811230851905
2024-03-01,10.050000190734863,10.306599979400636,9.996448274650284
2024-03-04,10.369999885559082,10.278199977874756,10.03202461854636
2024-03-05,10.15999984741211,10.261399974822998,10.044212735581194
2024-03-06,10.8100004196167,10.246199989318848,10.117144895965527
2024-03-07,10.600000381469727,10.238199996948243,10.163131132680213
2024-03-08,11.130000114440918,10.236399993896484,10.2552138928479
2024-03-11,12.609999656677246,10.266199989318848,10.47947920368879
2024-03-12,12.6899995803833,10.283199977874755,10.69000495385017
2024-03-13,12.510000228881836,10.289999980926513,10.86333783718652
2024-03-14,11.65999984741211,10.29099998474121,10.939210409588958
2024-03-15,11.779999732971191,10.28519998550415,11.019285583244407
2024-03-18,11.84000015258789,10.288199996948242,11.097448875562835
2024-03-19,11.829999923706055,10.302399997711182,11.167215642052666
2024-03-20,12.279999732971191,10.325599994659424,11.273195079283001
2024-03-21,11.199999809265137,10.332599983215331,11.266224101186062
2024-03-22,10.930000305175781,10.335599994659423,11.23420278728032
2024-03-25,10.739999771118164,10.332399997711182,11.187135833360117
2024-03-26,10.470000267028809,10.328800010681153,11.118837207995231
2024-03-27,11.029999732971191,10.348600006103515,11.110376496088179
2024-03-28,11.199999809265137,10.376399993896484,11.11891204972408
2024-04-01,11.15999984741211,10.405599994659424,11.122825173313416
2024-04-02,11.529999732971191,10.447999992370605,11.161603702804632
2024-04-03,11.329999923706055,10.490399990081787,11.177641438128578
2024-04-04,11.0600004196167,10.510599994659424,11.166437531603638
2024-04-05,10.869999885559082,10.527799987792969,11.13820537483749
2024-04-08,11.079999923706055,10.556599979400636,11.132661998539259
2024-04-09,11.930000305175781,10.604199981689453,11.20859898012369
2024-04-10,11.680000305175781,10.64939998626709,11.253494344414365
2024-04-11,12.229999542236328,10.71439998626709,11.346494839445029
2024-04-12,11.479999542236328,10.762599983215331,11.3592095730442
